season,start_year,position,team,played,won,draw,lost,goals,goals_against,goal_diff,points,points_2pt,points_3pt
1963/1964,1964,1,1. FC Köln,30,17,11,2,78,40,38,45,45,62
1963/1964,1964,2,Meidericher SV,30,13,13,4,60,36,24,39,39,52
1963/1964,1964,3,Eintracht Frankfurt,30,16,7,7,65,41,24,39,39,55
1963/1964,1964,4,Borussia Dortmund,30,14,5,11,73,57,16,33,33,47
1963/1964,1964,5,VfB Stuttgart,30,13,7,10,48,40,8,33,33,46
1963/1964,1964,6,Hamburger SV,30,11,10,9,69,60,9,32,32,43
1963/1964,1964,7,TSV 1860 München,30,11,9,10,66,50,16,31,31,42
1963/1964,1964,8,FC Schalke 04,30,12,5,13,51,53,-2,29,29,41
1963/1964,1964,9,1. FC Nürnberg,30,11,7,12,45,56,-11,29,29,40
1963/1964,1964,10,SV Werder Bremen,30,10,8,12,53,62,-9,28,28,38
1963/1964,1964,11,Eintracht Braunschweig,30,11,6,13,36,49,-13,28,28,39
1963/1964,1964,12,1. FC Kaiserslautern,30,10,6,14,48,69,-21,26,26,36
1963/1964,1964,13,Karlsruher SC,30,8,8,14,42,55,-13,24,24,32
1963/1964,1964,14,Hertha BSC,30,9,6,15,45,65,-20,24,24,33
1963/1964,1964,15,SC Preußen Münster,30,7,9,14,34,52,-18,23,23,30
1963/1964,1964,16,1. FC Saarbrücken,30,6,5,19,44,72,-28,17,17,23
1964/1965,1965,1,SV Werder Bremen,30,15,11,4,54,29,25,41,41,56
1964/1965,1965,2,1. FC Köln,30,14,10,6,66,45,21,38,38,52
1964/1965,1965,3,Borussia Dortmund,30,15,6,9,67,48,19,36,36,51
1964/1965,1965,4,TSV 1860 München,30,14,7,9,70,50,20,35,35,49
1964/1965,1965,5,Hannover 96,30,13,7,10,48,42,6,33,33,46
1964/1965,1965,6,1. FC Nürnberg,30,11,10,9,44,38,6,32,32,43
1964/1965,1965,7,Meidericher SV,30,12,8,10,46,48,-2,32,32,44
1964/1965,1965,8,Eintracht Frankfurt,30,11,7,12,50,58,-8,29,29,40
1964/1965,1965,9,Eintracht Braunschweig,30,10,8,12,42,47,-5,28,28,38
1964/1965,1965,10,Borussia Neunkirchen,30,9,9,12,44,48,-4,27,27,36
1964/1965,1965,11,Hamburger SV,30,11,5,14,46,56,-10,27,27,38
1964/1965,1965,12,VfB Stuttgart,30,9,8,13,46,50,-4,26,26,35
1964/1965,1965,13,1. FC Kaiserslautern,30,11,3,16,41,53,-12,25,25,36
1964/1965,1965,14,Hertha BSC,30,7,11,12,40,62,-22,25,25,32
1964/1965,1965,15,Karlsruher SC,30,9,6,15,47,62,-15,24,24,33
1964/1965,1965,16,FC Schalke 04,30,7,8,15,45,60,-15,22,22,29
1965/1966,1966,1,TSV 1860 München,34,20,10,4,80,40,40,50,50,70
1965/1966,1966,2,Borussia Dortmund,34,19,9,6,70,36,34,47,47,66
1965/1966,1966,3,Bayern München,34,20,7,7,71,38,33,47,47,67
1965/1966,1966,4,SV Werder Bremen,34,21,3,10,76,40,36,45,45,66
1965/1966,1966,5,1. FC Köln,34,19,6,9,74,41,33,44,44,63
1965/1966,1966,6,1. FC Nürnberg,34,14,11,9,54,43,11,39,39,53
1965/1966,1966,7,Eintracht Frankfurt,34,16,6,12,64,46,18,38,38,54
1965/1966,1966,8,Meidericher SV,34,14,8,12,70,48,22,36,36,50
1965/1966,1966,9,Hamburger SV,34,13,8,13,64,52,12,34,34,47
1965/1966,1966,10,Eintracht Braunschweig,34,11,12,11,49,49,0,34,34,45
1965/1966,1966,11,VfB Stuttgart,34,13,6,15,42,48,-6,32,32,45
1965/1966,1966,12,Hannover 96,34,11,8,15,59,57,2,30,30,41
1965/1966,1966,13,Borussia Mönchengladbach,34,9,11,14,57,68,-11,29,29,38
1965/1966,1966,14,FC Schalke 04,34,10,7,17,33,55,-22,27,27,37
1965/1966,1966,15,1. FC Kaiserslautern,34,8,10,16,42,65,-23,26,26,34
1965/1966,1966,16,Karlsruher SC,34,9,6,19,35,71,-36,24,24,33
1965/1966,1966,17,Borussia Neunkirchen,34,9,4,21,32,82,-50,22,22,31
1965/1966,1966,18,SV Tasmania Berlin,34,2,4,28,15,108,-93,8,8,10
1966/1967,1967,1,Eintracht Braunschweig,34,17,9,8,49,27,22,43,43,60
1966/1967,1967,2,TSV 1860 München,34,17,7,10,60,47,13,41,41,58
1966/1967,1967,3,Borussia Dortmund,34,15,9,10,70,41,29,39,39,54
1966/1967,1967,4,Eintracht Frankfurt,34,15,9,10,66,49,17,39,39,54
1966/1967,1967,5,1. FC Kaiserslautern,34,13,12,9,43,42,1,38,38,51
1966/1967,1967,6,Bayern München,34,16,5,13,62,47,15,37,37,53
1966/1967,1967,7,1. FC Köln,34,14,9,11,48,48,0,37,37,51
1966/1967,1967,8,Borussia Mönchengladbach,34,12,10,12,70,49,21,34,34,46
1966/1967,1967,9,Hannover 96,34,13,8,13,40,46,-6,34,34,47
1966/1967,1967,10,1. FC Nürnberg,34,12,10,12,43,50,-7,34,34,46
1966/1967,1967,11,MSV Duisburg,34,10,13,11,40,42,-2,33,33,43
1966/1967,1967,12,VfB Stuttgart,34,10,13,11,48,54,-6,33,33,43
1966/1967,1967,13,Karlsruher SC,34,11,9,14,54,62,-8,31,31,42
1966/1967,1967,14,Hamburger SV,34,10,10,14,37,53,-16,30,30,40
1966/1967,1967,15,FC Schalke 04,34,12,6,16,37,63,-26,30,30,42
1966/1967,1967,16,SV Werder Bremen,34,10,9,15,49,56,-7,29,29,39
1966/1967,1967,17,Fortuna Düsseldorf,34,9,7,18,44,66,-22,25,25,34
1966/1967,1967,18,Rot-Weiss Essen,34,6,13,15,35,53,-18,25,25,31
1967/1968,1968,1,1. FC Nürnberg,34,19,9,6,71,37,34,47,47,66
1967/1968,1968,2,SV Werder Bremen,34,18,8,8,68,51,17,44,44,62
1967/1968,1968,3,Borussia Mönchengladbach,34,15,12,7,77,45,32,42,42,57
1967/1968,1968,4,1. FC Köln,34,17,4,13,68,52,16,38,38,55
1967/1968,1968,5,Bayern München,34,16,6,12,68,58,10,38,38,54
1967/1968,1968,6,Eintracht Frankfurt,34,15,8,11,58,51,7,38,38,53
1967/1968,1968,7,MSV Duisburg,34,13,10,11,69,58,11,36,36,49
1967/1968,1968,8,VfB Stuttgart,34,14,7,13,65,54,11,35,35,49
1967/1968,1968,9,Eintracht Braunschweig,34,15,5,14,37,39,-2,35,35,50
1967/1968,1968,10,Hannover 96,34,12,10,12,48,52,-4,34,34,46
1967/1968,1968,11,Alemannia Aachen,34,13,8,13,52,66,-14,34,34,47
1967/1968,1968,12,TSV 1860 München,34,11,11,12,55,39,16,33,33,44
1967/1968,1968,13,Hamburger SV,34,11,11,12,51,54,-3,33,33,44
1967/1968,1968,14,Borussia Dortmund,34,12,7,15,60,59,1,31,31,43
1967/1968,1968,15,FC Schalke 04,34,11,8,15,42,48,-6,30,30,41
1967/1968,1968,16,1. FC Kaiserslautern,34,8,12,14,39,67,-28,28,28,36
1967/1968,1968,17,Borussia Neunkirchen,34,7,5,22,33,93,-60,19,19,26
1967/1968,1968,18,Karlsruher SC,34,6,5,23,32,70,-38,17,17,23
1968/1969,1969,1,Bayern München,34,18,10,6,61,31,30,46,46,64
1968/1969,1969,2,Alemannia Aachen,34,16,6,12,57,51,6,38,38,54
1968/1969,1969,3,Borussia Mönchengladbach,34,13,11,10,61,46,15,37,37,50
1968/1969,1969,4,Eintracht Braunschweig,34,13,11,10,46,43,3,37,37,50
1968/1969,1969,5,VfB Stuttgart,34,14,8,12,60,54,6,36,36,50
1968/1969,1969,6,Hamburger SV,34,13,10,11,55,55,0,36,36,49
1968/1969,1969,7,FC Schalke 04,34,14,7,13,45,40,5,35,35,49
1968/1969,1969,8,Eintracht Frankfurt,34,13,8,13,46,43,3,34,34,47
1968/1969,1969,9,SV Werder Bremen,34,14,6,14,59,59,0,34,34,48
1968/1969,1969,10,TSV 1860 München,34,15,4,15,44,59,-15,34,34,49
1968/1969,1969,11,Hannover 96,34,9,14,11,47,45,2,32,32,41
1968/1969,1969,12,MSV Duisburg,34,8,16,10,33,37,-4,32,32,40
1968/1969,1969,13,Hertha BSC,34,12,8,14,31,39,-8,32,32,44
1968/1969,1969,14,1. FC Köln,34,13,6,15,47,56,-9,32,32,45
1968/1969,1969,15,1. FC Kaiserslautern,34,12,6,16,45,47,-2,30,30,42
1968/1969,1969,16,Borussia Dortmund,34,11,8,15,49,54,-5,30,30,41
1968/1969,1969,17,1. FC Nürnberg,34,9,11,14,45,55,-10,29,29,38
1968/1969,1969,18,Kickers Offenbach,34,10,8,16,42,59,-17,28,28,38
1969/1970,1970,1,Borussia Mönchengladbach,34,23,5,6,71,29,42,51,51,74
1969/1970,1970,2,Bayern München,34,21,5,8,88,37,51,47,47,68
1969/1970,1970,3,Hertha BSC,34,20,5,9,67,41,26,45,45,65
1969/1970,1970,4,1. FC Köln,34,20,3,11,83,38,45,43,43,63
1969/1970,1970,5,Borussia Dortmund,34,14,8,12,60,67,-7,36,36,50
1969/1970,1970,6,Hamburger SV,34,12,11,11,57,54,3,35,35,47
1969/1970,1970,7,VfB Stuttgart,34,14,7,13,59,62,-3,35,35,49
1969/1970,1970,8,Eintracht Frankfurt,34,12,10,12,54,54,0,34,34,46
1969/1970,1970,9,FC Schalke 04,34,11,12,11,43,54,-11,34,34,45
1969/1970,1970,10,1. FC Kaiserslautern,34,10,12,12,44,55,-11,32,32,42
1969/1970,1970,11,SV Werder Bremen,34,10,11,13,38,47,-9,31,31,41
1969/1970,1970,12,Rot-Weiss Essen,34,8,15,11,41,54,-13,31,31,39
1969/1970,1970,13,Hannover 96,34,11,8,15,49,61,-12,30,30,41
1969/1970,1970,14,SC Rot-Weiß Oberhausen,34,11,7,16,50,62,-12,29,29,40
1969/1970,1970,15,MSV Duisburg,34,9,11,14,35,48,-13,29,29,38
1969/1970,1970,16,Eintracht Braunschweig,34,9,10,15,40,49,-9,28,28,37
1969/1970,1970,17,TSV 1860 München,34,9,7,18,41,56,-15,25,25,34
1969/1970,1970,18,Alemannia Aachen,34,5,7,22,31,83,-52,17,17,22
1970/1971,1971,1,Borussia Mönchengladbach,34,20,10,4,77,35,42,50,50,70
1970/1971,1971,2,Bayern München,34,19,10,5,74,36,38,48,48,67
1970/1971,1971,3,Hertha BSC,34,16,9,9,61,43,18,41,41,57
1970/1971,1971,4,Eintracht Braunschweig,34,16,7,11,52,40,12,39,39,55
1970/1971,1971,5,Hamburger SV,34,13,11,10,54,63,-9,37,37,50
1970/1971,1971,6,FC Schalke 04,34,15,6,13,44,40,4,36,36,51
1970/1971,1971,7,MSV Duisburg,34,12,11,11,43,47,-4,35,35,47
1970/1971,1971,8,1. FC Kaiserslautern,34,15,4,15,54,57,-3,34,34,49
1970/1971,1971,9,Hannover 96,34,12,9,13,53,49,4,33,33,45
1970/1971,1971,10,SV Werder Bremen,34,11,11,12,41,40,1,33,33,44
1970/1971,1971,11,1. FC Köln,34,11,11,12,46,56,-10,33,33,44
1970/1971,1971,12,VfB Stuttgart,34,11,8,15,49,49,0,30,30,41
1970/1971,1971,13,Borussia Dortmund,34,10,9,15,54,60,-6,29,29,39
1970/1971,1971,14,Arminia Bielefeld,34,12,5,17,34,53,-19,29,29,41
1970/1971,1971,15,Eintracht Frankfurt,34,11,6,17,39,56,-17,28,28,39
1970/1971,1971,16,SC Rot-Weiß Oberhausen,34,9,9,16,54,69,-15,27,27,36
1970/1971,1971,17,Kickers Offenbach,34,9,9,16,49,65,-16,27,27,36
1970/1971,1971,18,Rot-Weiss Essen,34,7,9,18,48,68,-20,23,23,30
1971/1972,1972,1,Bayern München,34,24,7,3,101,38,63,55,55,79
1971/1972,1972,2,FC Schalke 04,34,24,4,6,76,35,41,52,52,76
1971/1972,1972,3,Borussia Mönchengladbach,34,18,7,9,82,40,42,43,43,61
1971/1972,1972,4,1. FC Köln,34,15,13,6,64,44,20,43,43,58
1971/1972,1972,5,Eintracht Frankfurt,34,16,7,11,71,61,10,39,39,55
1971/1972,1972,6,Hertha BSC,34,14,9,11,46,55,-9,37,37,51
1971/1972,1972,7,1. FC Kaiserslautern,34,14,7,13,59,53,6,35,35,49
1971/1972,1972,8,VfB Stuttgart,34,13,9,12,52,56,-4,35,35,48
1971/1972,1972,9,VfL Bochum,34,14,6,14,59,69,-10,34,34,48
1971/1972,1972,10,Hamburger SV,34,13,7,14,52,52,0,33,33,46
1971/1972,1972,11,SV Werder Bremen,34,11,9,14,63,58,5,31,31,42
1971/1972,1972,12,Eintracht Braunschweig,34,8,15,11,43,48,-5,31,31,39
1971/1972,1972,13,Fortuna Düsseldorf,34,10,10,14,40,53,-13,30,30,40
1971/1972,1972,14,MSV Duisburg,34,10,7,17,36,51,-15,27,27,37
1971/1972,1972,15,SC Rot-Weiß Oberhausen,34,7,11,16,33,66,-33,25,25,32
1971/1972,1972,16,Hannover 96,34,10,3,21,54,69,-15,23,23,33
1971/1972,1972,17,Borussia Dortmund,34,6,8,20,34,83,-49,20,20,26
1971/1972,1972,18,Arminia Bielefeld,34,6,7,21,41,75,-34,19,19,25
1972/1973,1973,1,Bayern München,34,25,4,5,93,29,64,54,54,79
1972/1973,1973,2,1. FC Köln,34,16,11,7,66,51,15,43,43,59
1972/1973,1973,3,Fortuna Düsseldorf,34,15,12,7,62,45,17,42,42,57
1972/1973,1973,4,Wuppertaler SV,34,15,10,9,62,49,13,40,40,55
1972/1973,1973,5,Borussia Mönchengladbach,34,17,5,12,82,61,21,39,39,56
1972/1973,1973,6,VfB Stuttgart,34,17,3,14,71,65,6,37,37,54
1972/1973,1973,7,Kickers Offenbach,34,14,7,13,61,60,1,35,35,49
1972/1973,1973,8,Eintracht Frankfurt,34,15,4,15,58,54,4,34,34,49
1972/1973,1973,9,1. FC Kaiserslautern,34,12,10,12,58,68,-10,34,34,46
1972/1973,1973,10,MSV Duisburg,34,12,9,13,53,54,-1,33,33,45
1972/1973,1973,11,SV Werder Bremen,34,12,7,15,50,52,-2,31,31,43
1972/1973,1973,12,VfL Bochum,34,11,9,14,50,68,-18,31,31,42
1972/1973,1973,13,Hertha BSC,34,11,8,15,53,64,-11,30,30,41
1972/1973,1973,14,Hamburger SV,34,10,8,16,53,59,-6,28,28,38
1972/1973,1973,15,FC Schalke 04,34,10,8,16,46,61,-15,28,28,38
1972/1973,1973,16,Hannover 96,34,9,8,17,49,65,-16,26,26,35
1972/1973,1973,17,Eintracht Braunschweig,34,9,7,18,33,56,-23,25,25,34
1972/1973,1973,18,SC Rot-Weiß Oberhausen,34,9,4,21,45,84,-39,22,22,31
1973/1974,1974,1,Bayern München,34,20,9,5,95,53,42,49,49,69
1973/1974,1974,2,Borussia Mönchengladbach,34,21,6,7,93,52,41,48,48,69
1973/1974,1974,3,Fortuna Düsseldorf,34,16,9,9,61,47,14,41,41,57
1973/1974,1974,4,Eintracht Frankfurt,34,15,11,8,63,50,13,41,41,56
1973/1974,1974,5,1. FC Köln,34,16,7,11,69,56,13,39,39,55
1973/1974,1974,6,1. FC Kaiserslautern,34,15,8,11,80,69,11,38,38,53
1973/1974,1974,7,FC Schalke 04,34,16,5,13,72,68,4,37,37,53
1973/1974,1974,8,Hertha BSC,34,11,11,12,56,60,-4,33,33,44
1973/1974,1974,9,VfB Stuttgart,34,12,7,15,58,57,1,31,31,43
1973/1974,1974,10,Kickers Offenbach,34,11,9,14,56,62,-6,31,31,42
1973/1974,1974,11,SV Werder Bremen,34,9,13,12,48,56,-8,31,31,40
1973/1974,1974,12,Hamburger SV,34,13,5,16,53,62,-9,31,31,44
1973/1974,1974,13,Rot-Weiss Essen,34,10,11,13,56,70,-14,31,31,41
1973/1974,1974,14,VfL Bochum,34,9,12,13,45,57,-12,30,30,39
1973/1974,1974,15,MSV Duisburg,34,11,7,16,42,56,-14,29,29,40
1973/1974,1974,16,Wuppertaler SV,34,8,9,17,42,65,-23,25,25,33
1973/1974,1974,17,Fortuna Köln,34,8,9,17,46,79,-33,25,25,33
1973/1974,1974,18,Hannover 96,34,6,10,18,50,66,-16,22,22,28
1974/1975,1975,1,Borussia Mönchengladbach,34,21,8,5,86,40,46,50,50,71
1974/1975,1975,2,Hertha BSC,34,19,6,9,61,43,18,44,44,63
1974/1975,1975,3,Eintracht Frankfurt,34,18,7,9,89,49,40,43,43,61
1974/1975,1975,4,Hamburger SV,34,18,7,9,55,38,17,43,43,61
1974/1975,1975,5,1. FC Köln,34,17,7,10,77,51,26,41,41,58
1974/1975,1975,6,Fortuna Düsseldorf,34,16,9,9,66,55,11,41,41,57
1974/1975,1975,7,FC Schalke 04,34,16,7,11,52,37,15,39,39,55
1974/1975,1975,8,Kickers Offenbach,34,17,4,13,72,62,10,38,38,55
1974/1975,1975,9,Eintracht Braunschweig,34,14,8,12,52,42,10,36,36,50
1974/1975,1975,10,Bayern München,34,14,6,14,57,63,-6,34,34,48
1974/1975,1975,11,VfL Bochum,34,14,5,15,53,53,0,33,33,47
1974/1975,1975,12,Rot-Weiss Essen,34,10,12,12,56,68,-12,32,32,42
1974/1975,1975,13,1. FC Kaiserslautern,34,13,5,16,56,55,1,31,31,44
1974/1975,1975,14,MSV Duisburg,34,12,6,16,59,77,-18,30,30,42
1974/1975,1975,15,SV Werder Bremen,34,9,7,18,45,69,-24,25,25,34
1974/1975,1975,16,VfB Stuttgart,34,8,8,18,50,79,-29,24,24,32
1974/1975,1975,17,Tennis Borussia Berlin,34,5,6,23,38,89,-51,16,16,21
1974/1975,1975,18,Wuppertaler SV,34,2,8,24,32,86,-54,12,12,14
1975/1976,1976,1,Borussia Mönchengladbach,34,16,13,5,66,37,29,45,45,61
1975/1976,1976,2,Hamburger SV,34,17,7,10,59,32,27,41,41,58
1975/1976,1976,3,Bayern München,34,15,10,9,72,50,22,40,40,55
1975/1976,1976,4,1. FC Köln,34,14,11,9,62,45,17,39,39,53
1975/1976,1976,5,Eintracht Braunschweig,34,14,11,9,52,48,4,39,39,53
1975/1976,1976,6,FC Schalke 04,34,13,11,10,76,55,21,37,37,50
1975/1976,1976,7,1. FC Kaiserslautern,34,15,7,12,66,60,6,37,37,52
1975/1976,1976,8,Rot-Weiss Essen,34,13,11,10,61,67,-6,37,37,50
1975/1976,1976,9,Eintracht Frankfurt,34,13,10,11,79,58,21,36,36,49
1975/1976,1976,10,MSV Duisburg,34,13,7,14,55,62,-7,33,33,46
1975/1976,1976,11,Hertha BSC,34,11,10,13,59,61,-2,32,32,43
1975/1976,1976,12,Fortuna Düsseldorf,34,10,10,14,47,57,-10,30,30,40
1975/1976,1976,13,SV Werder Bremen,34,11,8,15,44,55,-11,30,30,41
1975/1976,1976,14,VfL Bochum,34,12,6,16,49,62,-13,30,30,42
1975/1976,1976,15,Karlsruher SC,34,12,6,16,46,59,-13,30,30,42
1975/1976,1976,16,Hannover 96,34,9,9,16,48,60,-12,27,27,36
1975/1976,1976,17,Kickers Offenbach,34,9,9,16,40,72,-32,27,27,36
1975/1976,1976,18,FC Bayer 05 Uerdingen,34,6,10,18,28,69,-41,22,22,28
1976/1977,1977,1,Borussia Mönchengladbach,34,17,10,7,58,34,24,44,44,61
1976/1977,1977,2,FC Schalke 04,34,17,9,8,77,52,25,43,43,60
1976/1977,1977,3,Eintracht Braunschweig,34,15,13,6,56,38,18,43,43,58
1976/1977,1977,4,Eintracht Frankfurt,34,17,8,9,86,57,29,42,42,59
1976/1977,1977,5,1. FC Köln,34,17,6,11,83,61,22,40,40,57
1976/1977,1977,6,Hamburger SV,34,14,10,10,67,56,11,38,38,52
1976/1977,1977,7,Bayern München,34,14,9,11,74,65,9,37,37,51
1976/1977,1977,8,Borussia Dortmund,34,12,10,12,73,64,9,34,34,46
1976/1977,1977,9,MSV Duisburg,34,11,12,11,60,51,9,34,34,45
1976/1977,1977,10,Hertha BSC,34,13,8,13,55,54,1,34,34,47
1976/1977,1977,11,SV Werder Bremen,34,13,7,14,51,59,-8,33,33,46
1976/1977,1977,12,Fortuna Düsseldorf,34,11,9,14,52,54,-2,31,31,42
1976/1977,1977,13,1. FC Kaiserslautern,34,12,5,17,53,59,-6,29,29,41
1976/1977,1977,14,1. FC Saarbrücken,34,9,11,14,43,55,-12,29,29,38
1976/1977,1977,15,VfL Bochum,34,11,7,16,47,62,-15,29,29,40
1976/1977,1977,16,Karlsruher SC,34,9,10,15,53,75,-22,28,28,37
1976/1977,1977,17,Tennis Borussia Berlin,34,6,10,18,47,85,-38,22,22,28
1976/1977,1977,18,Rot-Weiss Essen,34,7,8,19,49,103,-54,22,22,29
1977/1978,1978,1,1. FC Köln,34,22,4,8,86,41,45,48,48,70
1977/1978,1978,2,Borussia Mönchengladbach,34,20,8,6,86,44,42,48,48,68
1977/1978,1978,3,Hertha BSC,34,15,10,9,59,48,11,40,40,55
1977/1978,1978,4,VfB Stuttgart,34,17,5,12,58,40,18,39,39,56
1977/1978,1978,5,Fortuna Düsseldorf,34,15,9,10,49,36,13,39,39,54
1977/1978,1978,6,MSV Duisburg,34,15,7,12,62,59,3,37,37,52
1977/1978,1978,7,Eintracht Frankfurt,34,16,4,14,59,52,7,36,36,52
1977/1978,1978,8,1. FC Kaiserslautern,34,16,4,14,64,63,1,36,36,52
1977/1978,1978,9,FC Schalke 04,34,14,6,14,47,52,-5,34,34,48
1977/1978,1978,10,Hamburger SV,34,14,6,14,61,67,-6,34,34,48
1977/1978,1978,11,Borussia Dortmund,34,14,5,15,57,71,-14,33,33,47
1977/1978,1978,12,Bayern München,34,11,10,13,62,64,-2,32,32,43
1977/1978,1978,13,Eintracht Braunschweig,34,14,4,16,43,53,-10,32,32,46
1977/1978,1978,14,VfL Bochum,34,11,9,14,49,51,-2,31,31,42
1977/1978,1978,15,SV Werder Bremen,34,13,5,16,48,57,-9,31,31,44
1977/1978,1978,16,TSV 1860 München,34,7,8,19,41,60,-19,22,22,29
1977/1978,1978,17,1. FC Saarbrücken,34,6,10,18,39,70,-31,22,22,28
1977/1978,1978,18,FC St. Pauli,34,6,6,22,44,86,-42,18,18,24
1978/1979,1979,1,Hamburger SV,34,21,7,6,78,32,46,49,49,70
1978/1979,1979,2,VfB Stuttgart,34,20,8,6,73,34,39,48,48,68
1978/1979,1979,3,1. FC Kaiserslautern,34,16,11,7,62,47,15,43,43,59
1978/1979,1979,4,Bayern München,34,16,8,10,69,46,23,40,40,56
1978/1979,1979,5,Eintracht Frankfurt,34,16,7,11,50,49,1,39,39,55
1978/1979,1979,6,1. FC Köln,34,13,12,9,55,47,8,38,38,51
1978/1979,1979,7,Fortuna Düsseldorf,34,13,11,10,70,59,11,37,37,50
1978/1979,1979,8,VfL Bochum,34,10,13,11,47,46,1,33,33,43
1978/1979,1979,9,Eintracht Braunschweig,34,10,13,11,50,55,-5,33,33,43
1978/1979,1979,10,Borussia Mönchengladbach,34,12,8,14,50,53,-3,32,32,44
1978/1979,1979,11,SV Werder Bremen,34,10,11,13,48,60,-12,31,31,41
1978/1979,1979,12,Borussia Dortmund,34,10,11,13,54,70,-16,31,31,41
1978/1979,1979,13,MSV Duisburg,34,12,6,16,43,56,-13,30,30,42
1978/1979,1979,14,Hertha BSC,34,9,11,14,40,50,-10,29,29,38
1978/1979,1979,15,FC Schalke 04,34,9,10,15,55,61,-6,28,28,37
1978/1979,1979,16,Arminia Bielefeld,34,9,8,17,43,56,-13,26,26,35
1978/1979,1979,17,1. FC Nürnberg,34,8,8,18,36,67,-31,24,24,32
1978/1979,1979,18,SV Darmstadt 98,34,7,7,20,40,75,-35,21,21,28
1979/1980,1980,1,Bayern München,34,22,6,6,84,33,51,50,50,72
1979/1980,1980,2,Hamburger SV,34,20,8,6,86,35,51,48,48,68
1979/1980,1980,3,VfB Stuttgart,34,17,7,10,75,53,22,41,41,58
1979/1980,1980,4,1. FC Kaiserslautern,34,18,5,11,75,53,22,41,41,59
1979/1980,1980,5,1. FC Köln,34,14,9,11,72,55,17,37,37,51
1979/1980,1980,6,Borussia Dortmund,34,14,8,12,64,56,8,36,36,50
1979/1980,1980,7,Borussia Mönchengladbach,34,12,12,10,61,60,1,36,36,48
1979/1980,1980,8,FC Schalke 04,34,12,9,13,40,51,-11,33,33,45
1979/1980,1980,9,Eintracht Frankfurt,34,15,2,17,65,61,4,32,32,47
1979/1980,1980,10,VfL Bochum,34,13,6,15,41,44,-3,32,32,45
1979/1980,1980,11,Fortuna Düsseldorf,34,13,6,15,62,72,-10,32,32,45
1979/1980,1980,12,Bayer 04 Leverkusen,34,12,8,14,45,61,-16,32,32,44
1979/1980,1980,13,TSV 1860 München,34,10,10,14,42,53,-11,30,30,40
1979/1980,1980,14,MSV Duisburg,34,11,7,16,43,57,-14,29,29,40
1979/1980,1980,15,FC Bayer 05 Uerdingen,34,12,5,17,43,61,-18,29,29,41
1979/1980,1980,16,Hertha BSC,34,11,7,16,41,61,-20,29,29,40
1979/1980,1980,17,SV Werder Bremen,34,11,3,20,52,93,-41,25,25,36
1979/1980,1980,18,Eintracht Braunschweig,34,6,8,20,32,64,-32,20,20,26
1980/1981,1981,1,Bayern München,34,22,9,3,89,41,48,53,53,75
1980/1981,1981,2,Hamburger SV,34,21,7,6,73,43,30,49,49,70
1980/1981,1981,3,VfB Stuttgart,34,19,8,7,70,44,26,46,46,65
1980/1981,1981,4,1. FC Kaiserslautern,34,17,10,7,60,37,23,44,44,61
1980/1981,1981,5,Eintracht Frankfurt,34,13,12,9,61,57,4,38,38,51
1980/1981,1981,6,Borussia Mönchengladbach,34,15,7,12,68,64,4,37,37,52
1980/1981,1981,7,Borussia Dortmund,34,13,9,12,69,59,10,35,35,48
1980/1981,1981,8,1. FC Köln,34,12,10,12,54,55,-1,34,34,46
1980/1981,1981,9,VfL Bochum,34,9,15,10,53,45,8,33,33,42
1980/1981,1981,10,Karlsruher SC,34,9,14,11,56,63,-7,32,32,41
1980/1981,1981,11,Bayer 04 Leverkusen,34,10,10,14,52,53,-1,30,30,40
1980/1981,1981,12,MSV Duisburg,34,10,9,15,45,58,-13,29,29,39
1980/1981,1981,13,Fortuna Düsseldorf,34,10,8,16,57,64,-7,28,28,38
1980/1981,1981,14,1. FC Nürnberg,34,11,6,17,47,57,-10,28,28,39
1980/1981,1981,15,Arminia Bielefeld,34,10,6,18,46,65,-19,26,26,36
1980/1981,1981,16,TSV 1860 München,34,9,7,18,49,67,-18,25,25,34
1980/1981,1981,17,FC Schalke 04,34,8,7,19,43,88,-45,23,23,31
1980/1981,1981,18,FC Uerdingen 05,34,8,6,20,47,79,-32,22,22,30
1981/1982,1982,1,Hamburger SV,34,18,12,4,95,45,50,48,48,66
1981/1982,1982,2,1. FC Köln,34,18,9,7,72,38,34,45,45,63
1981/1982,1982,3,Bayern München,34,20,3,11,77,56,21,43,43,63
1981/1982,1982,4,1. FC Kaiserslautern,34,16,10,8,70,61,9,42,42,58
1981/1982,1982,5,SV Werder Bremen,34,17,8,9,61,52,9,42,42,59
1981/1982,1982,6,Borussia Dortmund,34,18,5,11,59,40,19,41,41,59
1981/1982,1982,7,Borussia Mönchengladbach,34,15,10,9,61,51,10,40,40,55
1981/1982,1982,8,Eintracht Frankfurt,34,17,3,14,83,72,11,37,37,54
1981/1982,1982,9,VfB Stuttgart,34,13,9,12,62,55,7,35,35,48
1981/1982,1982,10,VfL Bochum,34,12,8,14,52,51,1,32,32,44
1981/1982,1982,11,Eintracht Braunschweig,34,14,4,16,61,66,-5,32,32,46
1981/1982,1982,12,Arminia Bielefeld,34,12,6,16,46,50,-4,30,30,42
1981/1982,1982,13,1. FC Nürnberg,34,11,6,17,53,72,-19,28,28,39
1981/1982,1982,14,Karlsruher SC,34,9,9,16,50,68,-18,27,27,36
1981/1982,1982,15,Fortuna Düsseldorf,34,6,13,15,48,73,-25,25,25,31
1981/1982,1982,16,Bayer 04 Leverkusen,34,9,7,18,45,72,-27,25,25,34
1981/1982,1982,17,SV Darmstadt 98,34,5,11,18,46,82,-36,21,21,26
1981/1982,1982,18,MSV Duisburg,34,8,3,23,40,77,-37,19,19,27
1982/1983,1983,1,Hamburger SV,34,20,12,2,79,33,46,52,52,72
1982/1983,1983,2,SV Werder Bremen,34,23,6,5,76,38,38,52,52,75
1982/1983,1983,3,VfB Stuttgart,34,20,8,6,80,47,33,48,48,68
1982/1983,1983,4,Bayern München,34,17,10,7,74,33,41,44,44,61
1982/1983,1983,5,1. FC Köln,34,17,9,8,69,42,27,43,43,60
1982/1983,1983,6,1. FC Kaiserslautern,34,14,13,7,57,44,13,41,41,55
1982/1983,1983,7,Borussia Dortmund,34,16,7,11,78,62,16,39,39,55
1982/1983,1983,8,Arminia Bielefeld,34,12,7,15,46,71,-25,31,31,43
1982/1983,1983,9,Fortuna Düsseldorf,34,11,8,15,63,75,-12,30,30,41
1982/1983,1983,10,Eintracht Frankfurt,34,12,5,17,48,57,-9,29,29,41
1982/1983,1983,11,Bayer 04 Leverkusen,34,10,9,15,43,66,-23,29,29,39
1982/1983,1983,12,Borussia Mönchengladbach,34,12,4,18,64,63,1,28,28,40
1982/1983,1983,13,VfL Bochum,34,8,12,14,43,49,-6,28,28,36
1982/1983,1983,14,1. FC Nürnberg,34,11,6,17,44,70,-26,28,28,39
1982/1983,1983,15,Eintracht Braunschweig,34,8,11,15,42,65,-23,27,27,35
1982/1983,1983,16,FC Schalke 04,34,8,6,20,48,68,-20,22,22,30
1982/1983,1983,17,Karlsruher SC,34,7,7,20,39,86,-47,21,21,28
1982/1983,1983,18,Hertha BSC,34,5,10,19,43,67,-24,20,20,25
1983/1984,1984,1,VfB Stuttgart,34,19,10,5,79,33,46,48,48,67
1983/1984,1984,2,Hamburger SV,34,21,6,7,75,36,39,48,48,69
1983/1984,1984,3,Borussia Mönchengladbach,34,21,6,7,81,48,33,48,48,69
1983/1984,1984,4,Bayern München,34,20,7,7,84,41,43,47,47,67
1983/1984,1984,5,SV Werder Bremen,34,19,7,8,79,46,33,45,45,64
1983/1984,1984,6,1. FC Köln,34,16,6,12,70,57,13,38,38,54
1983/1984,1984,7,Bayer 04 Leverkusen,34,13,8,13,50,50,0,34,34,47
1983/1984,1984,8,Arminia Bielefeld,34,12,9,13,40,49,-9,33,33,45
1983/1984,1984,9,Eintracht Braunschweig,34,13,6,15,54,69,-15,32,32,45
1983/1984,1984,10,FC Uerdingen 05,34,12,7,15,66,79,-13,31,31,43
1983/1984,1984,11,SV Waldhof Mannheim,34,10,11,13,45,58,-13,31,31,41
1983/1984,1984,12,1. FC Kaiserslautern,34,12,6,16,68,69,-1,30,30,42
1983/1984,1984,13,Borussia Dortmund,34,11,8,15,54,65,-11,30,30,41
1983/1984,1984,14,Fortuna Düsseldorf,34,11,7,16,63,75,-12,29,29,40
1983/1984,1984,15,VfL Bochum,34,10,8,16,58,70,-12,28,28,38
1983/1984,1984,16,Eintracht Frankfurt,34,7,13,14,45,61,-16,27,27,34
1983/1984,1984,17,Kickers Offenbach,34,7,5,22,48,106,-58,19,19,26
1983/1984,1984,18,1. FC Nürnberg,34,6,2,26,38,85,-47,14,14,20
1984/1985,1985,1,Bayern München,34,21,8,5,79,38,41,50,50,71
1984/1985,1985,2,SV Werder Bremen,34,18,10,6,87,51,36,46,46,64
1984/1985,1985,3,1. FC Köln,34,18,4,12,69,66,3,40,40,58
1984/1985,1985,4,Borussia Mönchengladbach,34,15,9,10,77,53,24,39,39,54
1984/1985,1985,5,Hamburger SV,34,14,9,11,58,49,9,37,37,51
1984/1985,1985,6,SV Waldhof Mannheim,34,13,11,10,47,50,-3,37,37,50
1984/1985,1985,7,FC Uerdingen 05,34,14,8,12,57,52,5,36,36,50
1984/1985,1985,8,FC Schalke 04,34,13,8,13,63,62,1,34,34,47
1984/1985,1985,9,VfL Bochum,34,12,10,12,52,54,-2,34,34,46
1984/1985,1985,10,VfB Stuttgart,34,14,5,15,79,59,20,33,33,47
1984/1985,1985,11,1. FC Kaiserslautern,34,11,11,12,56,60,-4,33,33,44
1984/1985,1985,12,Eintracht Frankfurt,34,10,12,12,62,67,-5,32,32,42
1984/1985,1985,13,Bayer 04 Leverkusen,34,9,13,12,52,54,-2,31,31,40
1984/1985,1985,14,Borussia Dortmund,34,13,4,17,51,65,-14,30,30,43
1984/1985,1985,15,Fortuna Düsseldorf,34,10,9,15,53,66,-13,29,29,39
1984/1985,1985,16,Arminia Bielefeld,34,8,13,13,46,61,-15,29,29,37
1984/1985,1985,17,Karlsruher SC,34,5,12,17,47,88,-41,22,22,27
1984/1985,1985,18,Eintracht Braunschweig,34,9,2,23,39,79,-40,20,20,29
1985/1986,1986,1,Bayern München,34,21,7,6,82,31,51,49,49,70
1985/1986,1986,2,SV Werder Bremen,34,20,9,5,83,41,42,49,49,69
1985/1986,1986,3,FC Uerdingen 05,34,19,7,8,63,60,3,45,45,64
1985/1986,1986,4,Borussia Mönchengladbach,34,15,12,7,65,51,14,42,42,57
1985/1986,1986,5,VfB Stuttgart,34,17,7,10,69,45,24,41,41,58
1985/1986,1986,6,Bayer 04 Leverkusen,34,15,10,9,63,51,12,40,40,55
1985/1986,1986,7,Hamburger SV,34,17,5,12,52,35,17,39,39,56
1985/1986,1986,8,SV Waldhof Mannheim,34,11,11,12,41,44,-3,33,33,44
1985/1986,1986,9,VfL Bochum,34,14,4,16,55,57,-2,32,32,46
1985/1986,1986,10,FC Schalke 04,34,11,8,15,53,58,-5,30,30,41
1985/1986,1986,11,1. FC Kaiserslautern,34,10,10,14,49,54,-5,30,30,40
1985/1986,1986,12,1. FC Nürnberg,34,12,5,17,51,54,-3,29,29,41
1985/1986,1986,13,1. FC Köln,34,9,11,14,46,59,-13,29,29,38
1985/1986,1986,14,Fortuna Düsseldorf,34,11,7,16,54,78,-24,29,29,40
1985/1986,1986,15,Eintracht Frankfurt,34,7,14,13,35,49,-14,28,28,35
1985/1986,1986,16,Borussia Dortmund,34,10,8,16,49,65,-16,28,28,38
1985/1986,1986,17,1. FC Saarbrücken,34,6,9,19,39,68,-29,21,21,27
1985/1986,1986,18,Hannover 96,34,5,8,21,43,92,-49,18,18,23
1986/1987,1987,1,Bayern München,34,20,13,1,67,31,36,53,53,73
1986/1987,1987,2,Hamburger SV,34,19,9,6,69,37,32,47,47,66
1986/1987,1987,3,Borussia Mönchengladbach,34,18,7,9,74,44,30,43,43,61
1986/1987,1987,4,Borussia Dortmund,34,15,10,9,70,50,20,40,40,55
1986/1987,1987,5,SV Werder Bremen,34,17,6,11,65,54,11,40,40,57
1986/1987,1987,6,Bayer 04 Leverkusen,34,16,7,11,56,38,18,39,39,55
1986/1987,1987,7,1. FC Kaiserslautern,34,15,7,12,64,51,13,37,37,52
1986/1987,1987,8,FC Uerdingen 05,34,12,11,11,51,49,2,35,35,47
1986/1987,1987,9,1. FC Nürnberg,34,12,11,11,62,62,0,35,35,47
1986/1987,1987,10,1. FC Köln,34,13,9,12,50,53,-3,35,35,48
1986/1987,1987,11,VfL Bochum,34,9,14,11,52,44,8,32,32,41
1986/1987,1987,12,VfB Stuttgart,34,13,6,15,55,49,6,32,32,45
1986/1987,1987,13,FC Schalke 04,34,12,8,14,50,58,-8,32,32,44
1986/1987,1987,14,SV Waldhof Mannheim,34,10,8,16,52,71,-19,28,28,38
1986/1987,1987,15,Eintracht Frankfurt,34,8,9,17,42,53,-11,25,25,33
1986/1987,1987,16,FC 08 Homburg,34,6,9,19,33,79,-46,21,21,27
1986/1987,1987,17,Fortuna Düsseldorf,34,7,6,21,42,91,-49,20,20,27
1986/1987,1987,18,Blau-Weiß 90 Berlin,34,3,12,19,36,76,-40,18,18,21
1987/1988,1988,1,SV Werder Bremen,34,22,8,4,61,22,39,52,52,74
1987/1988,1988,2,Bayern München,34,22,4,8,83,45,38,48,48,70
1987/1988,1988,3,1. FC Köln,34,18,12,4,57,28,29,48,48,66
1987/1988,1988,4,VfB Stuttgart,34,16,8,10,69,49,20,40,40,56
1987/1988,1988,5,1. FC Nürnberg,34,13,11,10,44,40,4,37,37,50
1987/1988,1988,6,Hamburger SV,34,13,11,10,63,68,-5,37,37,50
1987/1988,1988,7,Borussia Mönchengladbach,34,14,5,15,55,53,2,33,33,47
1987/1988,1988,8,Bayer 04 Leverkusen,34,10,12,12,53,60,-7,32,32,42
1987/1988,1988,9,Eintracht Frankfurt,34,10,11,13,51,50,1,31,31,41
1987/1988,1988,10,Hannover 96,34,12,7,15,59,60,-1,31,31,43
1987/1988,1988,11,FC Bayer 05 Uerdingen,34,11,9,14,59,61,-2,31,31,42
1987/1988,1988,12,VfL Bochum,34,10,10,14,47,51,-4,30,30,40
1987/1988,1988,13,Borussia Dortmund,34,9,11,14,51,54,-3,29,29,38
1987/1988,1988,14,1. FC Kaiserslautern,34,11,7,16,53,62,-9,29,29,40
1987/1988,1988,15,Karlsruher SC,34,9,11,14,37,55,-18,29,29,38
1987/1988,1988,16,SV Waldhof Mannheim,34,7,14,13,35,50,-15,28,28,35
1987/1988,1988,17,FC 08 Homburg,34,7,10,17,37,70,-33,24,24,31
1987/1988,1988,18,FC Schalke 04,34,8,7,19,48,84,-36,23,23,31
1988/1989,1989,1,Bayern München,34,19,12,3,67,26,41,50,50,69
1988/1989,1989,2,1. FC Köln,34,18,9,7,58,30,28,45,45,63
1988/1989,1989,3,SV Werder Bremen,34,18,8,8,55,32,23,44,44,62
1988/1989,1989,4,Hamburger SV,34,17,9,8,60,36,24,43,43,60
1988/1989,1989,5,VfB Stuttgart,34,16,7,11,58,49,9,39,39,55
1988/1989,1989,6,Borussia Mönchengladbach,34,12,14,8,44,43,1,38,38,50
1988/1989,1989,7,Borussia Dortmund,34,12,13,9,56,40,16,37,37,49
1988/1989,1989,8,Bayer 04 Leverkusen,34,10,14,10,45,44,1,34,34,44
1988/1989,1989,9,1. FC Kaiserslautern,34,10,13,11,47,44,3,33,33,43
1988/1989,1989,10,FC St. Pauli,34,9,14,11,41,42,-1,32,32,41
1988/1989,1989,11,Karlsruher SC,34,12,8,14,48,51,-3,32,32,44
1988/1989,1989,12,SV Waldhof Mannheim,34,10,11,13,43,52,-9,31,31,41
1988/1989,1989,13,FC Bayer 05 Uerdingen,34,10,11,13,50,60,-10,31,31,41
1988/1989,1989,14,1. FC Nürnberg,34,8,10,16,36,54,-18,26,26,34
1988/1989,1989,15,VfL Bochum,34,9,8,17,37,57,-20,26,26,35
1988/1989,1989,16,Eintracht Frankfurt,34,8,10,16,30,53,-23,26,26,34
1988/1989,1989,17,Stuttgarter Kickers,34,10,6,18,41,68,-27,26,26,36
1988/1989,1989,18,Hannover 96,34,4,11,19,36,71,-35,19,19,23
1989/1990,1990,1,Bayern München,34,19,11,4,64,28,36,49,49,68
1989/1990,1990,2,1. FC Köln,34,17,9,8,54,44,10,43,43,60
1989/1990,1990,3,Eintracht Frankfurt,34,15,11,8,61,40,21,41,41,56
1989/1990,1990,4,Borussia Dortmund,34,15,11,8,51,35,16,41,41,56
1989/1990,1990,5,Bayer 04 Leverkusen,34,12,15,7,40,32,8,39,39,51
1989/1990,1990,6,VfB Stuttgart,34,15,6,13,53,47,6,36,36,51
1989/1990,1990,7,SV Werder Bremen,34,10,14,10,49,41,8,34,34,44
1989/1990,1990,8,1. FC Nürnberg,34,11,11,12,42,46,-4,33,33,44
1989/1990,1990,9,Fortuna Düsseldorf,34,10,12,12,41,41,0,32,32,42
1989/1990,1990,10,Karlsruher SC,34,10,12,12,32,39,-7,32,32,42
1989/1990,1990,11,Hamburger SV,34,13,5,16,39,46,-7,31,31,44
1989/1990,1990,12,1. FC Kaiserslautern,34,10,11,13,42,55,-13,31,31,41
1989/1990,1990,13,FC St. Pauli,34,9,13,12,31,46,-15,31,31,40
1989/1990,1990,14,FC Bayer 05 Uerdingen,34,10,10,14,41,48,-7,30,30,40
1989/1990,1990,15,Borussia Mönchengladbach,34,11,8,15,37,45,-8,30,30,41
1989/1990,1990,16,VfL Bochum,34,11,7,16,44,53,-9,29,29,40
1989/1990,1990,17,SV Waldhof Mannheim,34,10,6,18,36,53,-17,26,26,36
1989/1990,1990,18,FC 08 Homburg,34,8,8,18,33,51,-18,24,24,32
1990/1991,1991,1,1. FC Kaiserslautern,34,19,10,5,72,45,27,48,48,67
1990/1991,1991,2,Bayern München,34,18,9,7,74,41,33,45,45,63
1990/1991,1991,3,SV Werder Bremen,34,14,14,6,46,29,17,42,42,56
1990/1991,1991,4,Eintracht Frankfurt,34,15,10,9,63,40,23,40,40,55
1990/1991,1991,5,Hamburger SV,34,16,8,10,60,38,22,40,40,56
1990/1991,1991,6,VfB Stuttgart,34,14,10,10,57,44,13,38,38,52
1990/1991,1991,7,1. FC Köln,34,13,11,10,50,43,7,37,37,50
1990/1991,1991,8,Bayer 04 Leverkusen,34,11,13,10,47,46,1,35,35,46
1990/1991,1991,9,Borussia Mönchengladbach,34,9,17,8,49,54,-5,35,35,44
1990/1991,1991,10,Borussia Dortmund,34,10,14,10,46,57,-11,34,34,44
1990/1991,1991,11,SG Wattenscheid 09,34,9,15,10,42,51,-9,33,33,42
1990/1991,1991,12,Fortuna Düsseldorf,34,11,10,13,40,49,-9,32,32,43
1990/1991,1991,13,Karlsruher SC,34,8,15,11,46,52,-6,31,31,39
1990/1991,1991,14,VfL Bochum,34,9,11,14,50,52,-2,29,29,38
1990/1991,1991,15,1. FC Nürnberg,34,10,9,15,40,54,-14,29,29,39
1990/1991,1991,16,FC St. Pauli,34,6,15,13,33,53,-20,27,27,33
1990/1991,1991,17,FC Bayer 05 Uerdingen,34,5,13,16,34,54,-20,23,23,28
1990/1991,1991,18,Hertha BSC,34,3,8,23,37,84,-47,14,14,17
1991/1992,1992,1,VfB Stuttgart,38,21,10,7,62,32,30,52,52,73
1991/1992,1992,2,Borussia Dortmund,38,20,12,6,66,47,19,52,52,72
1991/1992,1992,3,Eintracht Frankfurt,38,18,14,6,76,41,35,50,50,68
1991/1992,1992,4,1. FC Köln,38,13,18,7,58,41,17,44,44,57
1991/1992,1992,5,1. FC Kaiserslautern,38,17,10,11,58,42,16,44,44,61
1991/1992,1992,6,Bayer 04 Leverkusen,38,15,13,10,53,39,14,43,43,58
1991/1992,1992,7,1. FC Nürnberg,38,18,7,13,54,51,3,43,43,61
1991/1992,1992,8,Karlsruher SC,38,16,9,13,48,50,-2,41,41,57
1991/1992,1992,9,SV Werder Bremen,38,11,16,11,44,45,-1,38,38,49
1991/1992,1992,10,Bayern München,38,13,10,15,59,61,-2,36,36,49
1991/1992,1992,11,FC Schalke 04,38,11,12,15,45,45,0,34,34,45
1991/1992,1992,12,Hamburger SV,38,9,16,13,32,43,-11,34,34,43
1991/1992,1992,13,Borussia Mönchengladbach,38,10,14,14,37,49,-12,34,34,44
1991/1992,1992,14,1. FC Dynamo Dresden,38,12,10,16,34,50,-16,34,34,46
1991/1992,1992,15,VfL Bochum,38,10,13,15,38,55,-17,33,33,43
1991/1992,1992,16,SG Wattenscheid 09,38,9,14,15,50,60,-10,32,32,41
1991/1992,1992,17,Stuttgarter Kickers,38,10,11,17,53,64,-11,31,31,41
1991/1992,1992,18,Hansa Rostock,38,10,11,17,43,55,-12,31,31,41
1991/1992,1992,19,MSV Duisburg,38,7,16,15,43,55,-12,30,30,37
1991/1992,1992,20,Fortuna Düsseldorf,38,6,12,20,41,69,-28,24,24,30
1992/1993,1993,1,SV Werder Bremen,34,19,10,5,63,30,33,48,48,67
1992/1993,1993,2,Bayern München,34,18,11,5,74,45,29,47,47,65
1992/1993,1993,3,Eintracht Frankfurt,34,15,12,7,56,39,17,42,42,57
1992/1993,1993,4,Borussia Dortmund,34,18,5,11,61,43,18,41,41,59
1992/1993,1993,5,Bayer 04 Leverkusen,34,14,12,8,64,45,19,40,40,54
1992/1993,1993,6,Karlsruher SC,34,14,11,9,60,54,6,39,39,53
1992/1993,1993,7,VfB Stuttgart,34,12,12,10,56,50,6,36,36,48
1992/1993,1993,8,1. FC Kaiserslautern,34,13,9,12,50,40,10,35,35,48
1992/1993,1993,9,Borussia Mönchengladbach,34,13,9,12,59,59,0,35,35,48
1992/1993,1993,10,FC Schalke 04,34,11,12,11,42,43,-1,34,34,45
1992/1993,1993,11,Hamburger SV,34,8,15,11,42,44,-2,31,31,39
1992/1993,1993,12,1. FC Köln,34,12,4,18,41,51,-10,28,28,40
1992/1993,1993,13,1. FC Nürnberg,34,10,8,16,30,47,-17,28,28,38
1992/1993,1993,14,SG Wattenscheid 09,34,10,8,16,46,67,-21,28,28,38
1992/1993,1993,15,1. FC Dynamo Dresden,34,7,13,14,32,49,-17,27,27,34
1992/1993,1993,16,VfL Bochum,34,8,10,16,45,52,-7,26,26,34
1992/1993,1993,17,FC Bayer 05 Uerdingen,34,7,10,17,35,64,-29,24,24,31
1992/1993,1993,18,1. FC Saarbrücken,34,5,13,16,37,71,-34,23,23,28
1993/1994,1994,1,Bayern München,34,17,10,7,68,37,31,44,44,61
1993/1994,1994,2,1. FC Kaiserslautern,34,18,7,9,64,36,28,43,43,61
1993/1994,1994,3,Bayer 04 Leverkusen,34,14,11,9,60,47,13,39,39,53
1993/1994,1994,4,Borussia Dortmund,34,15,9,10,49,45,4,39,39,54
1993/1994,1994,5,Eintracht Frankfurt,34,15,8,11,57,41,16,38,38,53
1993/1994,1994,6,Karlsruher SC,34,14,10,10,46,43,3,38,38,52
1993/1994,1994,7,VfB Stuttgart,34,13,11,10,51,43,8,37,37,50
1993/1994,1994,8,SV Werder Bremen,34,13,10,11,51,44,7,36,36,49
1993/1994,1994,9,MSV Duisburg,34,14,8,12,41,52,-11,36,36,50
1993/1994,1994,10,Borussia Mönchengladbach,34,14,7,13,65,59,6,35,35,49
1993/1994,1994,11,1. FC Köln,34,14,6,14,49,51,-2,34,34,48
1993/1994,1994,12,Hamburger SV,34,13,8,13,48,52,-4,34,34,47
1993/1994,1994,13,1. FC Dynamo Dresden,34,10,14,10,33,44,-11,30,34,44
1993/1994,1994,14,FC Schalke 04,34,10,9,15,38,50,-12,29,29,39
1993/1994,1994,15,SC Freiburg,34,10,8,16,54,57,-3,28,28,38
1993/1994,1994,16,1. FC Nürnberg,34,10,8,16,41,55,-14,28,28,38
1993/1994,1994,17,SG Wattenscheid 09,34,6,11,17,48,70,-22,23,23,29
1993/1994,1994,18,VfB Leipzig,34,3,11,20,32,69,-37,17,17,20
1994/1995,1995,1,Borussia Dortmund,34,20,9,5,67,33,34,49,49,69
1994/1995,1995,2,Werder Bremen,34,20,8,6,70,39,31,48,48,68
1994/1995,1995,3,SC Freiburg,34,20,6,8,66,44,22,46,46,66
1994/1995,1995,4,1. FC Kaiserslautern,34,17,12,5,58,41,17,46,46,63
1994/1995,1995,5,Borussia Mönchengladbach,34,17,9,8,66,41,25,43,43,60
1994/1995,1995,6,Bayern München,34,15,13,6,55,41,14,43,43,58
1994/1995,1995,7,Bayer 04 Leverkusen,34,13,10,11,62,51,11,36,36,49
1994/1995,1995,8,Karlsruher SC,34,11,14,9,51,47,4,36,36,47
1994/1995,1995,9,Eintracht Frankfurt,34,12,9,13,41,49,-8,33,33,45
1994/1995,1995,10,1. FC Köln,34,11,10,13,54,54,0,32,32,43
1994/1995,1995,11,FC Schalke 04,34,10,11,13,48,54,-6,31,31,41
1994/1995,1995,12,VfB Stuttgart,34,10,10,14,52,66,-14,30,30,40
1994/1995,1995,13,Hamburger SV,34,10,9,15,43,50,-7,29,29,39
1994/1995,1995,14,TSV 1860 München,34,8,11,15,41,57,-16,27,27,35
1994/1995,1995,15,FC Bayer 05 Uerdingen,34,7,11,16,37,52,-15,25,25,32
1994/1995,1995,16,VfL Bochum,34,9,4,21,43,67,-24,22,22,31
1994/1995,1995,17,MSV Duisburg,34,6,8,20,31,64,-33,20,20,26
1994/1995,1995,18,1. FC Dynamo Dresden,34,4,8,22,33,68,-35,16,16,20
1995/1996,1996,1,Borussia Dortmund,34,19,11,4,76,38,38,68,49,68
1995/1996,1996,2,Bayern München,34,19,5,10,66,46,20,62,43,62
1995/1996,1996,3,FC Schalke 04,34,14,14,6,45,36,9,56,42,56
1995/1996,1996,4,Borussia Mönchengladbach,34,15,8,11,52,51,1,53,38,53
1995/1996,1996,5,Hamburger SV,34,12,14,8,52,47,5,50,38,50
1995/1996,1996,6,Hansa Rostock,34,13,10,11,47,43,4,49,36,49
1995/1996,1996,7,Karlsruher SC,34,12,12,10,53,47,6,48,36,48
1995/1996,1996,8,TSV 1860 München,34,11,12,11,52,46,6,45,34,45
1995/1996,1996,9,Werder Bremen,34,10,14,10,39,42,-3,44,34,44
1995/1996,1996,10,VfB Stuttgart,34,10,13,11,59,62,-3,43,33,43
1995/1996,1996,11,SC Freiburg,34,11,9,14,30,41,-11,42,31,42
1995/1996,1996,12,1. FC Köln,34,9,13,12,33,35,-2,40,31,40
1995/1996,1996,13,Fortuna Düsseldorf,34,8,16,10,40,47,-7,40,32,40
1995/1996,1996,14,Bayer 04 Leverkusen,34,8,14,12,37,38,-1,38,30,38
1995/1996,1996,15,FC St. Pauli,34,9,11,14,43,51,-8,38,29,38
1995/1996,1996,16,1. FC Kaiserslautern,34,6,18,10,31,37,-6,36,30,36
1995/1996,1996,17,Eintracht Frankfurt,34,7,11,16,43,68,-25,32,25,32
1995/1996,1996,18,KFC Uerdingen 05,34,5,11,18,33,56,-23,26,21,26
1996/1997,1997,1,Bayern München,34,20,11,3,68,34,34,71,51,71
1996/1997,1997,2,Bayer 04 Leverkusen,34,21,6,7,69,41,28,69,48,69
1996/1997,1997,3,Borussia Dortmund,34,19,6,9,63,41,22,63,44,63
1996/1997,1997,4,VfB Stuttgart,34,18,7,9,78,40,38,61,43,61
1996/1997,1997,5,VfL Bochum,34,14,11,9,54,51,3,53,39,53
1996/1997,1997,6,Karlsruher SC,34,13,10,11,55,44,11,49,36,49
1996/1997,1997,7,TSV 1860 München,34,13,10,11,56,56,0,49,36,49
1996/1997,1997,8,Werder Bremen,34,14,6,14,53,52,1,48,34,48
1996/1997,1997,9,MSV Duisburg,34,12,9,13,44,49,-5,45,33,45
1996/1997,1997,10,1. FC Köln,34,13,5,16,62,62,0,44,31,44
1996/1997,1997,11,Borussia Mönchengladbach,34,12,7,15,46,48,-2,43,31,43
1996/1997,1997,12,FC Schalke 04,34,11,10,13,35,40,-5,43,32,43
1996/1997,1997,13,Hamburger SV,34,10,11,13,46,60,-14,41,31,41
1996/1997,1997,14,Arminia Bielefeld,34,11,7,16,46,54,-8,40,29,40
1996/1997,1997,15,Hansa Rostock,34,11,7,16,35,46,-11,40,29,40
1996/1997,1997,16,Fortuna Düsseldorf,34,9,6,19,26,57,-31,33,24,33
1996/1997,1997,17,SC Freiburg,34,8,5,21,43,67,-24,29,21,29
1996/1997,1997,18,FC St. Pauli,34,7,6,21,32,69,-37,27,20,27
1997/1998,1998,1,1. FC Kaiserslautern,34,19,11,4,63,39,24,68,49,68
1997/1998,1998,2,Bayern München,34,19,9,6,69,37,32,66,47,66
1997/1998,1998,3,Bayer 04 Leverkusen,34,14,13,7,66,39,27,55,41,55
1997/1998,1998,4,VfB Stuttgart,34,14,10,10,55,49,6,52,38,52
1997/1998,1998,5,FC Schalke 04,34,13,13,8,38,32,6,52,39,52
1997/1998,1998,6,Hansa Rostock,34,14,9,11,54,46,8,51,37,51
1997/1998,1998,7,Werder Bremen,34,14,8,12,43,47,-4,50,36,50
1997/1998,1998,8,MSV Duisburg,34,11,11,12,43,44,-1,44,33,44
1997/1998,1998,9,Hamburger SV,34,11,11,12,38,46,-8,44,33,44
1997/1998,1998,10,Borussia Dortmund,34,11,10,13,57,55,2,43,32,43
1997/1998,1998,11,Hertha BSC,34,12,7,15,41,53,-12,43,31,43
1997/1998,1998,12,VfL Bochum,34,11,8,15,41,49,-8,41,30,41
1997/1998,1998,13,TSV 1860 München,34,11,8,15,43,54,-11,41,30,41
1997/1998,1998,14,VfL Wolfsburg,34,11,6,17,38,54,-16,39,28,39
1997/1998,1998,15,Borussia Mönchengladbach,34,9,11,14,54,59,-5,38,29,38
1997/1998,1998,16,Karlsruher SC,34,9,11,14,48,60,-12,38,29,38
1997/1998,1998,17,1. FC Köln,34,10,6,18,49,64,-15,36,26,36
1997/1998,1998,18,Arminia Bielefeld,34,8,8,18,43,56,-13,32,24,32
1998/1999,1999,1,Bayern München,34,24,6,4,76,28,48,78,54,78
1998/1999,1999,2,Bayer 04 Leverkusen,34,17,12,5,61,30,31,63,46,63
1998/1999,1999,3,Hertha BSC,34,18,8,8,59,32,27,62,44,62
1998/1999,1999,4,Borussia Dortmund,34,16,9,9,48,34,14,57,41,57
1998/1999,1999,5,1. FC Kaiserslautern,34,17,6,11,51,47,4,57,40,57
1998/1999,1999,6,VfL Wolfsburg,34,15,10,9,54,49,5,55,40,55
1998/1999,1999,7,Hamburger SV,34,13,11,10,47,46,1,50,37,50
1998/1999,1999,8,MSV Duisburg,34,13,10,11,48,45,3,49,36,49
1998/1999,1999,9,TSV 1860 München,34,11,8,15,49,56,-7,41,30,41
1998/1999,1999,10,FC Schalke 04,34,10,11,13,41,54,-13,41,31,41
1998/1999,1999,11,VfB Stuttgart,34,9,12,13,41,48,-7,39,30,39
1998/1999,1999,12,SC Freiburg,34,10,9,15,36,44,-8,39,29,39
1998/1999,1999,13,Werder Bremen,34,10,8,16,41,47,-6,38,28,38
1998/1999,1999,14,Hansa Rostock,34,9,11,14,49,58,-9,38,29,38
1998/1999,1999,15,Eintracht Frankfurt,34,9,10,15,44,54,-10,37,28,37
1998/1999,1999,16,1. FC Nürnberg,34,7,16,11,40,50,-10,37,30,37
1998/1999,1999,17,VfL Bochum,34,7,8,19,40,65,-25,29,22,29
1998/1999,1999,18,Borussia Mönchengladbach,34,4,9,21,41,79,-38,21,17,21
1999/2000,2000,1,Bayern München,34,22,7,5,73,28,45,73,51,73
1999/2000,2000,2,Bayer 04 Leverkusen,34,21,10,3,74,36,38,73,52,73
1999/2000,2000,3,Hamburger SV,34,16,11,7,63,39,24,59,43,59
1999/2000,2000,4,TSV 1860 München,34,14,11,9,55,48,7,53,39,53
1999/2000,2000,5,1. FC Kaiserslautern,34,15,5,14,54,59,-5,50,35,50
1999/2000,2000,6,Hertha BSC,34,13,11,10,39,46,-7,50,37,50
1999/2000,2000,7,VfL Wolfsburg,34,12,13,9,51,58,-7,49,37,49
1999/2000,2000,8,VfB Stuttgart,34,14,6,14,44,47,-3,48,34,48
1999/2000,2000,9,Werder Bremen,34,13,8,13,65,52,13,47,34,47
1999/2000,2000,10,SpVgg Unterhaching,34,12,8,14,40,42,-2,44,32,44
1999/2000,2000,11,Borussia Dortmund,34,9,13,12,41,38,3,40,31,40
1999/2000,2000,12,SC Freiburg,34,10,10,14,45,50,-5,40,30,40
1999/2000,2000,13,FC Schalke 04,34,8,15,11,42,44,-2,39,31,39
1999/2000,2000,14,Eintracht Frankfurt,34,12,5,17,42,44,-2,39,29,41
1999/2000,2000,15,Hansa Rostock,34,8,14,12,44,60,-16,38,30,38
1999/2000,2000,16,SSV Ulm 1846,34,9,8,17,36,62,-26,35,26,35
1999/2000,2000,17,Arminia Bielefeld,34,7,9,18,40,61,-21,30,23,30
1999/2000,2000,18,MSV Duisburg,34,4,10,20,37,71,-34,22,18,22
2000/2001,2001,1,Bayern München,34,19,6,9,62,37,25,63,44,63
2000/2001,2001,2,FC Schalke 04,34,18,8,8,65,35,30,62,44,62
2000/2001,2001,3,Borussia Dortmund,34,16,10,8,62,42,20,58,42,58
2000/2001,2001,4,Bayer 04 Leverkusen,34,17,6,11,54,40,14,57,40,57
2000/2001,2001,5,Hertha BSC,34,18,2,14,58,52,6,56,38,56
2000/2001,2001,6,SC Freiburg,34,15,10,9,54,37,17,55,40,55
2000/2001,2001,7,Werder Bremen,34,15,8,11,53,48,5,53,38,53
2000/2001,2001,8,1. FC Kaiserslautern,34,15,5,14,49,54,-5,50,35,50
2000/2001,2001,9,VfL Wolfsburg,34,12,11,11,60,45,15,47,35,47
2000/2001,2001,10,1. FC Köln,34,12,10,12,59,52,7,46,34,46
2000/2001,2001,11,TSV 1860 München,34,12,8,14,43,55,-12,44,32,44
2000/2001,2001,12,Hansa Rostock,34,12,7,15,34,47,-13,43,31,43
2000/2001,2001,13,Hamburger SV,34,10,11,13,58,58,0,41,31,41
2000/2001,2001,14,Energie Cottbus,34,12,3,19,38,52,-14,39,27,39
2000/2001,2001,15,VfB Stuttgart,34,9,11,14,42,49,-7,38,29,38
2000/2001,2001,16,SpVgg Unterhaching,34,8,11,15,35,59,-24,35,27,35
2000/2001,2001,17,Eintracht Frankfurt,34,10,5,19,41,68,-27,35,25,35
2000/2001,2001,18,VfL Bochum,34,7,6,21,30,67,-37,27,20,27
2001/2002,2002,1,Borussia Dortmund,34,21,7,6,62,33,29,70,49,70
2001/2002,2002,2,Bayer 04 Leverkusen,34,21,6,7,77,38,39,69,48,69
2001/2002,2002,3,Bayern München,34,20,8,6,65,25,40,68,48,68
2001/2002,2002,4,Hertha BSC,34,18,7,9,61,38,23,61,43,61
2001/2002,2002,5,FC Schalke 04,34,18,7,9,52,36,16,61,43,61
2001/2002,2002,6,Werder Bremen,34,17,5,12,54,43,11,56,39,56
2001/2002,2002,7,1. FC Kaiserslautern,34,17,5,12,62,53,9,56,39,56
2001/2002,2002,8,VfB Stuttgart,34,13,11,10,47,43,4,50,37,50
2001/2002,2002,9,TSV 1860 München,34,15,5,14,59,59,0,50,35,50
2001/2002,2002,10,VfL Wolfsburg,34,13,7,14,57,49,8,46,33,46
2001/2002,2002,11,Hamburger SV,34,10,10,14,51,57,-6,40,30,40
2001/2002,2002,12,Borussia Mönchengladbach,34,9,12,13,41,53,-12,39,30,39
2001/2002,2002,13,Energie Cottbus,34,9,8,17,36,60,-24,35,26,35
2001/2002,2002,14,Hansa Rostock,34,9,7,18,35,54,-19,34,25,34
2001/2002,2002,15,1. FC Nürnberg,34,10,4,20,34,57,-23,34,24,34
2001/2002,2002,16,SC Freiburg,34,7,9,18,37,64,-27,30,23,30
2001/2002,2002,17,1. FC Köln,34,7,8,19,26,61,-35,29,22,29
2001/2002,2002,18,FC St. Pauli,34,4,10,20,37,70,-33,22,18,22
2002/2003,2003,1,Bayern München,34,23,6,5,70,25,45,75,52,75
2002/2003,2003,2,VfB Stuttgart,34,17,8,9,53,39,14,59,42,59
2002/2003,2003,3,Borussia Dortmund,34,15,13,6,51,27,24,58,43,58
2002/2003,2003,4,Hamburger SV,34,15,11,8,46,36,10,56,41,56
2002/2003,2003,5,Hertha BSC,34,16,6,12,52,43,9,54,38,54
2002/2003,2003,6,Werder Bremen,34,16,4,14,51,50,1,52,36,52
2002/2003,2003,7,FC Schalke 04,34,12,13,9,46,40,6,49,37,49
2002/2003,2003,8,VfL Wolfsburg,34,13,7,14,39,42,-3,46,33,46
2002/2003,2003,9,VfL Bochum,34,12,9,13,55,56,-1,45,33,45
2002/2003,2003,10,TSV 1860 München,34,12,9,13,44,52,-8,45,33,45
2002/2003,2003,11,Hannover 96,34,12,7,15,47,57,-10,43,31,43
2002/2003,2003,12,Borussia Mönchengladbach,34,11,9,14,43,45,-2,42,31,42
2002/2003,2003,13,Hansa Rostock,34,11,8,15,35,41,-6,41,30,41
2002/2003,2003,14,1. FC Kaiserslautern,34,10,10,14,40,42,-2,40,30,40
2002/2003,2003,15,Bayer 04 Leverkusen,34,11,7,16,47,56,-9,40,29,40
2002/2003,2003,16,Arminia Bielefeld,34,8,12,14,35,46,-11,36,28,36
2002/2003,2003,17,1. FC Nürnberg,34,8,6,20,33,60,-27,30,22,30
2002/2003,2003,18,Energie Cottbus,34,7,9,18,34,64,-30,30,23,30
2003/2004,2004,1,Werder Bremen,34,22,8,4,79,38,41,74,52,74
2003/2004,2004,2,Bayern München,34,20,8,6,70,39,31,68,48,68
2003/2004,2004,3,Bayer 04 Leverkusen,34,19,8,7,73,39,34,65,46,65
2003/2004,2004,4,VfB Stuttgart,34,18,10,6,52,24,28,64,46,64
2003/2004,2004,5,VfL Bochum,34,15,11,8,57,39,18,56,41,56
2003/2004,2004,6,Borussia Dortmund,34,16,7,11,59,48,11,55,39,55
2003/2004,2004,7,FC Schalke 04,34,13,11,10,49,42,7,50,37,50
2003/2004,2004,8,Hamburger SV,34,14,7,13,47,60,-13,49,35,49
2003/2004,2004,9,Hansa Rostock,34,12,8,14,55,54,1,44,32,44
2003/2004,2004,10,VfL Wolfsburg,34,13,3,18,56,61,-5,42,29,42
2003/2004,2004,11,Borussia Mönchengladbach,34,10,9,15,40,49,-9,39,29,39
2003/2004,2004,12,Hertha BSC,34,9,12,13,42,59,-17,39,30,39
2003/2004,2004,13,SC Freiburg,34,10,8,16,42,67,-25,38,28,38
2003/2004,2004,14,Hannover 96,34,9,10,15,49,63,-14,37,28,37
2003/2004,2004,15,1. FC Kaiserslautern,34,11,6,17,39,62,-23,36,28,39
2003/2004,2004,16,Eintracht Frankfurt,34,9,5,20,36,53,-17,32,23,32
2003/2004,2004,17,TSV 1860 München,34,8,8,18,32,55,-23,32,24,32
2003/2004,2004,18,1. FC Köln,34,6,5,23,32,57,-25,23,17,23
2004/2005,2005,1,Bayern München,34,24,5,5,75,33,42,77,53,77
2004/2005,2005,2,FC Schalke 04,34,20,3,11,56,46,10,63,43,63
2004/2005,2005,3,Werder Bremen,34,18,5,11,68,37,31,59,41,59
2004/2005,2005,4,Hertha BSC,34,15,13,6,59,31,28,58,43,58
2004/2005,2005,5,VfB Stuttgart,34,17,7,10,54,40,14,58,41,58
2004/2005,2005,6,Bayer 04 Leverkusen,34,16,9,9,65,44,21,57,41,57
2004/2005,2005,7,Borussia Dortmund,34,15,10,9,47,44,3,55,40,55
2004/2005,2005,8,Hamburger SV,34,16,3,15,55,50,5,51,35,51
2004/2005,2005,9,VfL Wolfsburg,34,15,3,16,49,51,-2,48,33,48
2004/2005,2005,10,Hannover 96,34,13,6,15,34,36,-2,45,32,45
2004/2005,2005,11,1. FSV Mainz 05,34,12,7,15,50,55,-5,43,31,43
2004/2005,2005,12,1. FC Kaiserslautern,34,12,6,16,43,52,-9,42,30,42
2004/2005,2005,13,Arminia Bielefeld,34,11,7,16,37,49,-12,40,29,40
2004/2005,2005,14,1. FC Nürnberg,34,10,8,16,55,63,-8,38,28,38
2004/2005,2005,15,Borussia Mönchengladbach,34,8,12,14,35,51,-16,36,28,36
2004/2005,2005,16,VfL Bochum,34,9,8,17,47,68,-21,35,26,35
2004/2005,2005,17,Hansa Rostock,34,7,9,18,31,65,-34,30,23,30
2004/2005,2005,18,SC Freiburg,34,3,9,22,30,75,-45,18,15,18
2005/2006,2006,1,Bayern München,34,22,9,3,67,32,35,75,53,75
2005/2006,2006,2,Werder Bremen,34,21,7,6,79,37,42,70,49,70
2005/2006,2006,3,Hamburger SV,34,21,5,8,53,30,23,68,47,68
2005/2006,2006,4,FC Schalke 04,34,16,13,5,47,31,16,61,45,61
2005/2006,2006,5,Bayer 04 Leverkusen,34,14,10,10,64,49,15,52,38,52
2005/2006,2006,6,Hertha BSC,34,12,12,10,52,48,4,48,36,48
2005/2006,2006,7,Borussia Dortmund,34,11,13,10,45,42,3,46,35,46
2005/2006,2006,8,1. FC Nürnberg,34,12,8,14,49,51,-2,44,32,44
2005/2006,2006,9,VfB Stuttgart,34,9,16,9,37,39,-2,43,34,43
2005/2006,2006,10,Borussia Mönchengladbach,34,10,12,12,42,50,-8,42,32,42
2005/2006,2006,11,1. FSV Mainz 05,34,9,11,14,46,47,-1,38,29,38
2005/2006,2006,12,Hannover 96,34,7,17,10,43,47,-4,38,31,38
2005/2006,2006,13,Arminia Bielefeld,34,10,7,17,32,47,-15,37,27,37
2005/2006,2006,14,Eintracht Frankfurt,34,9,9,16,42,51,-9,36,27,36
2005/2006,2006,15,VfL Wolfsburg,34,7,13,14,33,55,-22,34,27,34
2005/2006,2006,16,1. FC Kaiserslautern,34,8,9,17,47,71,-24,33,25,33
2005/2006,2006,17,1. FC Köln,34,7,9,18,49,71,-22,30,23,30
2005/2006,2006,18,MSV Duisburg,34,5,12,17,34,63,-29,27,22,27
2006/2007,2007,1,VfB Stuttgart,34,21,7,6,61,37,24,70,49,70
2006/2007,2007,2,FC Schalke 04,34,21,5,8,53,32,21,68,47,68
2006/2007,2007,3,Werder Bremen,34,20,6,8,76,40,36,66,46,66
2006/2007,2007,4,Bayern München,34,18,6,10,55,40,15,60,42,60
2006/2007,2007,5,Bayer 04 Leverkusen,34,15,6,13,54,49,5,51,36,51
2006/2007,2007,6,1. FC Nürnberg,34,11,15,8,43,32,11,48,37,48
2006/2007,2007,7,Hamburger SV,34,10,15,9,43,37,6,45,35,45
2006/2007,2007,8,VfL Bochum,34,13,6,15,49,50,-1,45,32,45
2006/2007,2007,9,Borussia Dortmund,34,12,8,14,41,43,-2,44,32,44
2006/2007,2007,10,Hertha BSC,34,12,8,14,50,55,-5,44,32,44
2006/2007,2007,11,Hannover 96,34,12,8,14,41,50,-9,44,32,44
2006/2007,2007,12,Arminia Bielefeld,34,11,9,14,47,49,-2,42,31,42
2006/2007,2007,13,Energie Cottbus,34,11,8,15,38,49,-11,41,30,41
2006/2007,2007,14,Eintracht Frankfurt,34,9,13,12,46,58,-12,40,31,40
2006/2007,2007,15,VfL Wolfsburg,34,8,13,13,37,45,-8,37,29,37
2006/2007,2007,16,1. FSV Mainz 05,34,8,10,16,34,57,-23,34,26,34
2006/2007,2007,17,Alemannia Aachen,34,9,7,18,46,70,-24,34,25,34
2006/2007,2007,18,Borussia Mönchengladbach,34,6,8,20,23,44,-21,26,20,26
2007/2008,2008,1,Bayern München,34,22,10,2,68,21,47,76,54,76
2007/2008,2008,2,Werder Bremen,34,20,6,8,75,45,30,66,46,66
2007/2008,2008,3,FC Schalke 04,34,18,10,6,55,32,23,64,46,64
2007/2008,2008,4,Hamburger SV,34,14,12,8,47,26,21,54,40,54
2007/2008,2008,5,VfL Wolfsburg,34,15,9,10,58,46,12,54,39,54
2007/2008,2008,6,VfB Stuttgart,34,16,4,14,57,57,0,52,36,52
2007/2008,2008,7,Bayer 04 Leverkusen,34,15,6,13,57,40,17,51,36,51
2007/2008,2008,8,Hannover 96,34,13,10,11,54,56,-2,49,36,49
2007/2008,2008,9,Eintracht Frankfurt,34,12,10,12,43,50,-7,46,34,46
2007/2008,2008,10,Hertha BSC,34,12,8,14,39,44,-5,44,32,44
2007/2008,2008,11,Karlsruher SC,34,11,10,13,38,53,-15,43,32,43
2007/2008,2008,12,VfL Bochum,34,10,11,13,48,54,-6,41,31,41
2007/2008,2008,13,Borussia Dortmund,34,10,10,14,50,62,-12,40,30,40
2007/2008,2008,14,Energie Cottbus,34,9,9,16,35,56,-21,36,27,36
2007/2008,2008,15,Arminia Bielefeld,34,8,10,16,35,60,-25,34,26,34
2007/2008,2008,16,1. FC Nürnberg,34,7,10,17,35,51,-16,31,24,31
2007/2008,2008,17,Hansa Rostock,34,8,6,20,30,52,-22,30,22,30
2007/2008,2008,18,MSV Duisburg,34,8,5,21,36,55,-19,29,21,29
2008/2009,2009,1,VfL Wolfsburg,34,21,6,7,80,41,39,69,48,69
2008/2009,2009,2,Bayern München,34,20,7,7,71,42,29,67,47,67
2008/2009,2009,3,VfB Stuttgart,34,19,7,8,63,43,20,64,45,64
2008/2009,2009,4,Hertha BSC,34,19,6,9,48,41,7,63,44,63
2008/2009,2009,5,Hamburger SV,34,19,4,11,49,47,2,61,42,61
2008/2009,2009,6,Borussia Dortmund,34,15,14,5,60,37,23,59,44,59
2008/2009,2009,7,1899 Hoffenheim,34,15,10,9,63,49,14,55,40,55
2008/2009,2009,8,FC Schalke 04,34,14,8,12,47,35,12,50,36,50
2008/2009,2009,9,Bayer 04 Leverkusen,34,14,7,13,59,46,13,49,35,49
2008/2009,2009,10,Werder Bremen,34,12,9,13,64,50,14,45,33,45
2008/2009,2009,11,Hannover 96,34,10,10,14,49,69,-20,40,30,40
2008/2009,2009,12,1. FC Köln,34,11,6,17,35,50,-15,39,28,39
2008/2009,2009,13,Eintracht Frankfurt,34,8,9,17,39,60,-21,33,25,33
2008/2009,2009,14,VfL Bochum,34,7,11,16,39,55,-16,32,25,32
2008/2009,2009,15,Borussia Mönchengladbach,34,8,7,19,39,62,-23,31,23,31
2008/2009,2009,16,Energie Cottbus,34,8,6,20,30,57,-27,30,22,30
2008/2009,2009,17,Karlsruher SC,34,8,5,21,30,54,-24,29,21,29
2008/2009,2009,18,Arminia Bielefeld,34,4,16,14,29,56,-27,28,24,28
2009/2010,2010,1,Bayern München,34,20,10,4,72,31,41,70,50,70
2009/2010,2010,2,FC Schalke 04,34,19,8,7,53,31,22,65,46,65
2009/2010,2010,3,Werder Bremen,34,17,10,7,71,40,31,61,44,61
2009/2010,2010,4,Bayer 04 Leverkusen,34,15,14,5,65,38,27,59,44,59
2009/2010,2010,5,Borussia Dortmund,34,16,9,9,54,42,12,57,41,57
2009/2010,2010,6,VfB Stuttgart,34,15,10,9,51,41,10,55,40,55
2009/2010,2010,7,Hamburger SV,34,13,13,8,56,41,15,52,39,52
2009/2010,2010,8,VfL Wolfsburg,34,14,8,12,64,58,6,50,36,50
2009/2010,2010,9,1. FSV Mainz 05,34,12,11,11,36,42,-6,47,35,47
2009/2010,2010,10,Eintracht Frankfurt,34,12,10,12,47,54,-7,46,34,46
2009/2010,2010,11,1899 Hoffenheim,34,11,9,14,44,42,2,42,31,42
2009/2010,2010,12,Borussia Mönchengladbach,34,10,9,15,43,60,-17,39,29,39
2009/2010,2010,13,1. FC Köln,34,9,11,14,33,42,-9,38,29,38
2009/2010,2010,14,SC Freiburg,34,9,8,17,35,59,-24,35,26,35
2009/2010,2010,15,Hannover 96,34,9,6,19,43,67,-24,33,24,33
2009/2010,2010,16,1. FC Nürnberg,34,8,7,19,32,58,-26,31,23,31
2009/2010,2010,17,VfL Bochum,34,6,10,18,33,64,-31,28,22,28
2009/2010,2010,18,Hertha BSC,34,5,9,20,34,56,-22,24,19,24
2010/2011,2011,1,Borussia Dortmund,34,23,6,5,67,22,45,75,52,75
2010/2011,2011,2,Bayer 04 Leverkusen,34,20,8,6,64,44,20,68,48,68
2010/2011,2011,3,Bayern München,34,19,8,7,81,40,41,65,46,65
2010/2011,2011,4,Hannover 96,34,19,3,12,49,45,4,60,41,60
2010/2011,2011,5,1. FSV Mainz 05,34,18,4,12,52,39,13,58,40,58
2010/2011,2011,6,1. FC Nürnberg,34,13,8,13,47,45,2,47,34,47
2010/2011,2011,7,1. FC Kaiserslautern,34,13,7,14,48,51,-3,46,33,46
2010/2011,2011,8,Hamburger SV,34,12,9,13,46,52,-6,45,33,45
2010/2011,2011,9,SC Freiburg,34,13,5,16,41,50,-9,44,31,44
2010/2011,2011,10,1. FC Köln,34,13,5,16,47,62,-15,44,31,44
2010/2011,2011,11,1899 Hoffenheim,34,11,10,13,50,50,0,43,32,43
2010/2011,2011,12,VfB Stuttgart,34,12,6,16,60,59,1,42,30,42
2010/2011,2011,13,Werder Bremen,34,10,11,13,47,61,-14,41,31,41
2010/2011,2011,14,FC Schalke 04,34,11,7,16,38,44,-6,40,29,40
2010/2011,2011,15,VfL Wolfsburg,34,9,11,14,43,48,-5,38,29,38
2010/2011,2011,16,Borussia Mönchengladbach,34,10,6,18,48,65,-17,36,26,36
2010/2011,2011,17,Eintracht Frankfurt,34,9,7,18,31,49,-18,34,25,34
2010/2011,2011,18,FC St. Pauli,34,8,5,21,35,68,-33,29,21,29
2011/2012,2012,1,Borussia Dortmund,34,25,6,3,80,25,55,81,56,81
2011/2012,2012,2,Bayern München,34,23,4,7,77,22,55,73,50,73
2011/2012,2012,3,FC Schalke 04,34,20,4,10,74,44,30,64,44,64
2011/2012,2012,4,Borussia Mönchengladbach,34,17,9,8,49,24,25,60,43,60
2011/2012,2012,5,Bayer 04 Leverkusen,34,15,9,10,52,44,8,54,39,54
2011/2012,2012,6,VfB Stuttgart,34,15,8,11,63,46,17,53,38,53
2011/2012,2012,7,Hannover 96,34,12,12,10,41,45,-4,48,36,48
2011/2012,2012,8,VfL Wolfsburg,34,13,5,16,47,60,-13,44,31,44
2011/2012,2012,9,Werder Bremen,34,11,9,14,49,58,-9,42,31,42
2011/2012,2012,10,1. FC Nürnberg,34,12,6,16,38,49,-11,42,30,42
2011/2012,2012,11,1899 Hoffenheim,34,10,11,13,41,47,-6,41,31,41
2011/2012,2012,12,SC Freiburg,34,10,10,14,45,61,-16,40,30,40
2011/2012,2012,13,1. FSV Mainz 05,34,9,12,13,47,51,-4,39,30,39
2011/2012,2012,14,FC Augsburg,34,8,14,12,36,49,-13,38,30,38
2011/2012,2012,15,Hamburger SV,34,8,12,14,35,57,-22,36,28,36
2011/2012,2012,16,Hertha BSC,34,7,10,17,38,64,-26,31,24,31
2011/2012,2012,17,1. FC Köln,34,8,6,20,39,75,-36,30,22,30
2011/2012,2012,18,1. FC Kaiserslautern,34,4,11,19,24,54,-30,23,19,23
2012/2013,2013,1,Bayern München,34,29,4,1,98,18,80,91,62,91
2012/2013,2013,2,Borussia Dortmund,34,19,9,6,81,42,39,66,47,66
2012/2013,2013,3,Bayer 04 Leverkusen,34,19,8,7,65,39,26,65,46,65
2012/2013,2013,4,FC Schalke 04,34,16,7,11,58,50,8,55,39,55
2012/2013,2013,5,SC Freiburg,34,14,9,11,45,40,5,51,37,51
2012/2013,2013,6,Eintracht Frankfurt,34,14,9,11,49,46,3,51,37,51
2012/2013,2013,7,Hamburger SV,34,14,6,14,42,53,-11,48,34,48
2012/2013,2013,8,Borussia Mönchengladbach,34,12,11,11,45,49,-4,47,35,47
2012/2013,2013,9,Hannover 96,34,13,6,15,60,62,-2,45,32,45
2012/2013,2013,10,1. FC Nürnberg,34,11,11,12,39,47,-8,44,33,44
2012/2013,2013,11,VfL Wolfsburg,34,10,13,11,47,52,-5,43,33,43
2012/2013,2013,12,VfB Stuttgart,34,12,7,15,37,55,-18,43,31,43
2012/2013,2013,13,1. FSV Mainz 05,34,10,12,12,42,44,-2,42,32,42
2012/2013,2013,14,Werder Bremen,34,8,10,16,50,66,-16,34,26,34
2012/2013,2013,15,FC Augsburg,34,8,9,17,33,51,-18,33,25,33
2012/2013,2013,16,1899 Hoffenheim,34,8,7,19,42,67,-25,31,23,31
2012/2013,2013,17,Fortuna Düsseldorf,34,7,9,18,39,57,-18,30,23,30
2012/2013,2013,18,SpVgg Greuther Fürth,34,4,9,21,26,60,-34,21,17,21
2013/2014,2014,1,Bayern München,34,29,3,2,94,23,71,90,61,90
2013/2014,2014,2,Borussia Dortmund,34,22,5,7,80,38,42,71,49,71
2013/2014,2014,3,FC Schalke 04,34,19,7,8,63,43,20,64,45,64
2013/2014,2014,4,Bayer 04 Leverkusen,34,19,4,11,60,41,19,61,42,61
2013/2014,2014,5,VfL Wolfsburg,34,18,6,10,63,50,13,60,42,60
2013/2014,2014,6,Borussia Mönchengladbach,34,16,7,11,59,43,16,55,39,55
2013/2014,2014,7,1. FSV Mainz 05,34,16,5,13,52,54,-2,53,37,53
2013/2014,2014,8,FC Augsburg,34,15,7,12,47,47,0,52,37,52
2013/2014,2014,9,1899 Hoffenheim,34,11,11,12,72,70,2,44,33,44
2013/2014,2014,10,Hannover 96,34,12,6,16,46,59,-13,42,30,42
2013/2014,2014,11,Hertha BSC,34,11,8,15,40,48,-8,41,30,41
2013/2014,2014,12,Werder Bremen,34,10,9,15,42,66,-24,39,29,39
2013/2014,2014,13,Eintracht Frankfurt,34,9,9,16,40,57,-17,36,27,36
2013/2014,2014,14,SC Freiburg,34,9,9,16,43,61,-18,36,27,36
2013/2014,2014,15,VfB Stuttgart,34,8,8,18,49,62,-13,32,24,32
2013/2014,2014,16,Hamburger SV,34,7,6,21,51,75,-24,27,20,27
2013/2014,2014,17,1. FC Nürnberg,34,5,11,18,37,70,-33,26,21,26
2013/2014,2014,18,Eintracht Braunschweig,34,6,7,21,29,60,-31,25,19,25
2014/2015,2015,1,Bayern München,34,25,4,5,80,18,62,79,54,79
2014/2015,2015,2,VfL Wolfsburg,34,20,9,5,72,38,34,69,49,69
2014/2015,2015,3,Borussia Mönchengladbach,34,19,9,6,53,26,27,66,47,66
2014/2015,2015,4,Bayer 04 Leverkusen,34,17,10,7,62,37,25,61,44,61
2014/2015,2015,5,FC Augsburg,34,15,4,15,43,43,0,49,34,49
2014/2015,2015,6,FC Schalke 04,34,13,9,12,42,40,2,48,35,48
2014/2015,2015,7,Borussia Dortmund,34,13,7,14,47,42,5,46,33,46
2014/2015,2015,8,1899 Hoffenheim,34,12,8,14,49,55,-6,44,32,44
2014/2015,2015,9,Eintracht Frankfurt,34,11,10,13,56,62,-6,43,32,43
2014/2015,2015,10,Werder Bremen,34,11,10,13,50,65,-15,43,32,43
2014/2015,2015,11,1. FSV Mainz 05,34,9,13,12,45,47,-2,40,31,40
2014/2015,2015,12,1. FC Köln,34,9,13,12,34,40,-6,40,31,40
2014/2015,2015,13,Hannover 96,34,9,10,15,40,56,-16,37,28,37
2014/2015,2015,14,VfB Stuttgart,34,9,9,16,42,60,-18,36,27,36
2014/2015,2015,15,Hertha BSC,34,9,8,17,36,52,-16,35,26,35
2014/2015,2015,16,Hamburger SV,34,9,8,17,25,50,-25,35,26,35
2014/2015,2015,17,SC Freiburg,34,7,13,14,36,47,-11,34,27,34
2014/2015,2015,18,SC Paderborn 07,34,7,10,17,31,65,-34,31,24,31
2015/2016,2016,1,Bayern München,34,28,4,2,80,17,63,88,60,88
2015/2016,2016,2,Borussia Dortmund,34,24,6,4,82,34,48,78,54,78
2015/2016,2016,3,Bayer 04 Leverkusen,34,18,6,10,56,40,16,60,42,60
2015/2016,2016,4,Borussia Mönchengladbach,34,17,4,13,67,50,17,55,38,55
2015/2016,2016,5,FC Schalke 04,34,15,7,12,51,49,2,52,37,52
2015/2016,2016,6,1. FSV Mainz 05,34,14,8,12,46,42,4,50,36,50
2015/2016,2016,7,Hertha BSC,34,14,8,12,42,42,0,50,36,50
2015/2016,2016,8,VfL Wolfsburg,34,12,9,13,47,49,-2,45,33,45
2015/2016,2016,9,1. FC Köln,34,10,13,11,38,42,-4,43,33,43
2015/2016,2016,10,Hamburger SV,34,11,8,15,40,46,-6,41,30,41
2015/2016,2016,11,FC Ingolstadt,34,10,10,14,33,42,-9,40,30,40
2015/2016,2016,12,FC Augsburg,34,9,11,14,42,52,-10,38,29,38
2015/2016,2016,13,Werder Bremen,34,10,8,16,50,65,-15,38,28,38
2015/2016,2016,14,SV Darmstadt 98,34,9,11,14,38,53,-15,38,29,38
2015/2016,2016,15,1899 Hoffenheim,34,9,10,15,39,54,-15,37,28,37
2015/2016,2016,16,Eintracht Frankfurt,34,9,9,16,34,52,-18,36,27,36
2015/2016,2016,17,VfB Stuttgart,34,9,6,19,50,75,-25,33,24,33
2015/2016,2016,18,Hannover 96,34,7,4,23,31,62,-31,25,18,25
2016/2017,2017,1,Bayern München,34,25,7,2,89,22,67,82,57,82
2016/2017,2017,2,RB Leipzig,34,20,7,7,66,39,27,67,47,67
2016/2017,2017,3,Borussia Dortmund,34,18,10,6,72,40,32,64,46,64
2016/2017,2017,4,TSG Hoffenheim,34,16,14,4,64,37,27,62,46,62
2016/2017,2017,5,1. FC Köln,34,12,13,9,51,42,9,49,37,49
2016/2017,2017,6,Hertha BSC,34,15,4,15,43,47,-4,49,34,49
2016/2017,2017,7,SC Freiburg,34,14,6,14,42,60,-18,48,34,48
2016/2017,2017,8,Werder Bremen,34,13,6,15,61,64,-3,45,32,45
2016/2017,2017,9,Borussia Mönchengladbach,34,12,9,13,45,49,-4,45,33,45
2016/2017,2017,10,FC Schalke 04,34,11,10,13,45,40,5,43,32,43
2016/2017,2017,11,Eintracht Frankfurt,34,11,9,14,36,43,-7,42,31,42
2016/2017,2017,12,Bayer 04 Leverkusen,34,11,8,15,53,55,-2,41,30,41
2016/2017,2017,13,FC Augsburg,34,9,11,14,35,51,-16,38,29,38
2016/2017,2017,14,Hamburger SV,34,10,8,16,33,61,-28,38,28,38
2016/2017,2017,15,1. FSV Mainz 05,34,10,7,17,44,55,-11,37,27,37
2016/2017,2017,16,VfL Wolfsburg,34,10,7,17,34,52,-18,37,27,37
2016/2017,2017,17,FC Ingolstadt,34,8,8,18,36,57,-21,32,24,32
2016/2017,2017,18,SV Darmstadt 98,34,7,4,23,28,63,-35,25,18,25
2017/2018,2018,1,Bayern München,34,27,3,4,92,28,64,84,57,84
2017/2018,2018,2,FC Schalke 04,34,18,9,7,53,37,16,63,45,63
2017/2018,2018,3,TSG Hoffenheim,34,15,10,9,66,48,18,55,40,55
2017/2018,2018,4,Borussia Dortmund,34,15,10,9,64,47,17,55,40,55
2017/2018,2018,5,Bayer 04 Leverkusen,34,15,10,9,58,44,14,55,40,55
2017/2018,2018,6,RB Leipzig,34,15,8,11,57,53,4,53,38,53
2017/2018,2018,7,VfB Stuttgart,34,15,6,13,36,36,0,51,36,51
2017/2018,2018,8,Eintracht Frankfurt,34,14,7,13,45,45,0,49,35,49
2017/2018,2018,9,Borussia Mönchengladbach,34,13,8,13,47,52,-5,47,34,47
2017/2018,2018,10,Hertha BSC,34,10,13,11,43,46,-3,43,33,43
2017/2018,2018,11,Werder Bremen,34,10,12,12,37,40,-3,42,32,42
2017/2018,2018,12,FC Augsburg,34,10,11,13,43,46,-3,41,31,41
2017/2018,2018,13,Hannover 96,34,10,9,15,44,54,-10,39,29,39
2017/2018,2018,14,1. FSV Mainz 05,34,9,9,16,38,52,-14,36,27,36
2017/2018,2018,15,SC Freiburg,34,8,12,14,32,56,-24,36,28,36
2017/2018,2018,16,VfL Wolfsburg,34,6,15,13,36,48,-12,33,27,33
2017/2018,2018,17,Hamburger SV,34,8,7,19,29,53,-24,31,23,31
2017/2018,2018,18,1. FC Köln,34,5,7,22,35,70,-35,22,17,22
2018/2019,2019,1,Bayern München,34,24,6,4,88,32,56,78,54,78
2018/2019,2019,2,Borussia Dortmund,34,23,7,4,81,44,37,76,53,76
2018/2019,2019,3,RB Leipzig,34,19,9,6,63,29,34,66,47,66
2018/2019,2019,4,Bayer 04 Leverkusen,34,18,4,12,69,52,17,58,40,58
2018/2019,2019,5,Borussia Mönchengladbach,34,16,7,11,55,42,13,55,39,55
2018/2019,2019,6,VfL Wolfsburg,34,16,7,11,62,50,12,55,39,55
2018/2019,2019,7,Eintracht Frankfurt,34,15,9,10,60,48,12,54,39,54
2018/2019,2019,8,Werder Bremen,34,14,11,9,58,49,9,53,39,53
2018/2019,2019,9,TSG Hoffenheim,34,13,12,9,70,52,18,51,38,51
2018/2019,2019,10,Fortuna Düsseldorf,34,13,5,16,49,65,-16,44,31,44
2018/2019,2019,11,Hertha BSC,34,11,10,13,49,57,-8,43,32,43
2018/2019,2019,12,1. FSV Mainz 05,34,12,7,15,46,57,-11,43,31,43
2018/2019,2019,13,SC Freiburg,34,8,12,14,46,61,-15,36,28,36
2018/2019,2019,14,FC Schalke 04,34,8,9,17,37,55,-18,33,25,33
2018/2019,2019,15,FC Augsburg,34,8,8,18,51,71,-20,32,24,32
2018/2019,2019,16,VfB Stuttgart,34,7,7,20,32,70,-38,28,21,28
2018/2019,2019,17,Hannover 96,34,5,6,23,31,71,-40,21,16,21
2018/2019,2019,18,1. FC Nürnberg,34,3,10,21,26,68,-42,19,16,19
2019/2020,2020,1,Bayern München,34,26,4,4,100,32,68,82,56,82
2019/2020,2020,2,Borussia Dortmund,34,21,6,7,84,41,43,69,48,69
2019/2020,2020,3,RB Leipzig,34,18,12,4,81,37,44,66,48,66
2019/2020,2020,4,Borussia Mönchengladbach,34,20,5,9,66,40,26,65,45,65
2019/2020,2020,5,Bayer 04 Leverkusen,34,19,6,9,61,44,17,63,44,63
2019/2020,2020,6,TSG Hoffenheim,34,15,7,12,53,53,0,52,37,52
2019/2020,2020,7,VfL Wolfsburg,34,13,10,11,48,46,2,49,36,49
2019/2020,2020,8,SC Freiburg,34,13,9,12,48,47,1,48,35,48
2019/2020,2020,9,Eintracht Frankfurt,34,13,6,15,59,60,-1,45,32,45
2019/2020,2020,10,Hertha BSC,34,11,8,15,48,59,-11,41,30,41
2019/2020,2020,11,1. FC Union Berlin,34,12,5,17,41,58,-17,41,29,41
2019/2020,2020,12,FC Schalke 04,34,9,12,13,38,58,-20,39,30,39
2019/2020,2020,13,1. FSV Mainz 05,34,11,4,19,44,65,-21,37,26,37
2019/2020,2020,14,1. FC Köln,34,10,6,18,51,69,-18,36,26,36
2019/2020,2020,15,FC Augsburg,34,9,9,16,45,63,-18,36,27,36
2019/2020,2020,16,Werder Bremen,34,8,7,19,42,69,-27,31,23,31
2019/2020,2020,17,Fortuna Düsseldorf,34,6,12,16,36,67,-31,30,24,30
2019/2020,2020,18,SC Paderborn 07,34,4,8,22,37,74,-37,20,16,20
2020/2021,2021,1,Bayern München,34,24,6,4,99,44,55,78,54,78
2020/2021,2021,2,RB Leipzig,34,19,8,7,60,32,28,65,46,65
2020/2021,2021,3,Borussia Dortmund,34,20,4,10,75,46,29,64,44,64
2020/2021,2021,4,VfL Wolfsburg,34,17,10,7,61,37,24,61,44,61
2020/2021,2021,5,Eintracht Frankfurt,34,16,12,6,69,53,16,60,44,60
2020/2021,2021,6,Bayer 04 Leverkusen,34,14,10,10,53,39,14,52,38,52
2020/2021,2021,7,1. FC Union Berlin,34,12,14,8,50,43,7,50,38,50
2020/2021,2021,8,Borussia Mönchengladbach,34,13,10,11,64,56,8,49,36,49
2020/2021,2021,9,VfB Stuttgart,34,12,9,13,56,55,1,45,33,45
2020/2021,2021,10,SC Freiburg,34,12,9,13,52,52,0,45,33,45
2020/2021,2021,11,TSG Hoffenheim,34,11,10,13,52,54,-2,43,32,43
2020/2021,2021,12,1. FSV Mainz 05,34,10,9,15,39,56,-17,39,29,39
2020/2021,2021,13,FC Augsburg,34,10,6,18,36,54,-18,36,26,36
2020/2021,2021,14,Hertha BSC,34,8,11,15,41,52,-11,35,27,35
2020/2021,2021,15,Arminia Bielefeld,34,9,8,17,26,52,-26,35,26,35
2020/2021,2021,16,1. FC Köln,34,8,9,17,34,60,-26,33,25,33
2020/2021,2021,17,Werder Bremen,34,7,10,17,36,57,-21,31,24,31
2020/2021,2021,18,FC Schalke 04,34,3,7,24,25,86,-61,16,13,16
2021/2022,2022,1,Bayern München,34,24,5,5,97,37,60,77,53,77
2021/2022,2022,2,Borussia Dortmund,34,22,3,9,85,52,33,69,47,69
2021/2022,2022,3,Bayer 04 Leverkusen,34,19,7,8,80,47,33,64,45,64
2021/2022,2022,4,RB Leipzig,34,17,7,10,72,37,35,58,41,58
2021/2022,2022,5,1. FC Union Berlin,34,16,9,9,50,44,6,57,41,57
2021/2022,2022,6,SC Freiburg,34,15,10,9,58,46,12,55,40,55
2021/2022,2022,7,1. FC Köln,34,14,10,10,52,49,3,52,38,52
2021/2022,2022,8,1. FSV Mainz 05,34,13,7,14,50,45,5,46,33,46
2021/2022,2022,9,TSG Hoffenheim,34,13,7,14,58,60,-2,46,33,46
2021/2022,2022,10,Borussia Mönchengladbach,34,12,9,13,54,61,-7,45,33,45
2021/2022,2022,11,Eintracht Frankfurt,34,10,12,12,45,49,-4,42,32,42
2021/2022,2022,12,VfL Wolfsburg,34,12,6,16,43,54,-11,42,30,42
2021/2022,2022,13,VfL Bochum,34,12,6,16,38,52,-14,42,30,42
2021/2022,2022,14,FC Augsburg,34,10,8,16,39,56,-17,38,28,38
2021/2022,2022,15,VfB Stuttgart,34,7,12,15,41,59,-18,33,26,33
2021/2022,2022,16,Hertha BSC,34,9,6,19,37,71,-34,33,24,33
2021/2022,2022,17,Arminia Bielefeld,34,5,13,16,27,53,-26,28,23,28
2021/2022,2022,18,SpVgg Greuther Fürth,34,3,9,22,28,82,-54,18,15,18
